Workbook

Sheet Dimensions
A2: NHÀ THỜ GIÁO XỨ THẠCH BI
A4: Kích thước bản vẽ và quy đổi cho mô hình 3D / Drawing dimensions and 3D model units
A7: Mã / ID | B7: Bộ phận / Part | C7: Thông số / Parameter | D7: Trục và mốc / Axes and refs | E7: Trị số gốc / Source value | F7: ĐVT / Unit | G7: Kích thước (mm) | H7: Quy đổi (m) | I7: Cơ sở / Basis | J7: Tờ / Drawing | K7: Vị trí / Locator | L7: Nhãn gốc / Printed label | M7: Ghi chú / Notes
A8: P001 | B8: Lưới trục dọc Longitudinal grid | C8: axis_spacing | D8: Model: X Source: longitudinal 1 → 2 | E8: 4900 | F8: mm | G8: =IF(COUNTBLANK(E8)>0,"",E8) -> 4900 | H8: =IF(COUNTBLANK(G8)>0,"",G8/1000) -> 4.9 | I8: Ghi trên bản vẽ / Explicit | J8: Tờ 6 File 4 | K8: Bottom longitudinal dimension chain | L8: 4900
A9: P002 | B9: Lưới trục dọc Longitudinal grid | C9: axis_spacing | D9: Model: X Source: longitudinal 2 → 2′ | E9: 575 | F9: mm | G9: =IF(COUNTBLANK(E9)>0,"",E9) -> 575 | H9: =IF(COUNTBLANK(G9)>0,"",G9/1000) -> 0.575 | I9: Ghi trên bản vẽ / Explicit | J9: Tờ 6 File 4 | K9: Bottom longitudinal dimension chain | L9: 575
A10: P003 | B10: Lưới trục dọc Longitudinal grid | C10: axis_spacing | D10: Model: X Source: longitudinal 2′ → 3 | E10: 4500 | F10: mm | G10: =IF(COUNTBLANK(E10)>0,"",E10) -> 4500 | H10: =IF(COUNTBLANK(G10)>0,"",G10/1000) -> 4.5 | I10: Ghi trên bản vẽ / Explicit | J10: Tờ 6 File 4 | K10: Bottom longitudinal dimension chain | L10: 4500
A11: P004 | B11: Lưới trục dọc Longitudinal grid | C11: axis_spacing | D11: Model: X Source: longitudinal 3 → 4 | E11: 4500 | F11: mm | G11: =IF(COUNTBLANK(E11)>0,"",E11) -> 4500 | H11: =IF(COUNTBLANK(G11)>0,"",G11/1000) -> 4.5 | I11: Ghi trên bản vẽ / Explicit | J11: Tờ 6 File 4 | K11: Bottom longitudinal dimension chain | L11: 4500
A12: P005 | B12: Lưới trục dọc Longitudinal grid | C12: axis_spacing | D12: Model: X Source: longitudinal 4 → 5 | E12: 4500 | F12: mm | G12: =IF(COUNTBLANK(E12)>0,"",E12) -> 4500 | H12: =IF(COUNTBLANK(G12)>0,"",G12/1000) -> 4.5 | I12: Ghi trên bản vẽ / Explicit | J12: Tờ 6 File 4 | K12: Bottom longitudinal dimension chain | L12: 4500
A13: P006 | B13: Lưới trục dọc Longitudinal grid | C13: axis_spacing | D13: Model: X Source: longitudinal 5 → 6 | E13: 4500 | F13: mm | G13: =IF(COUNTBLANK(E13)>0,"",E13) -> 4500 | H13: =IF(COUNTBLANK(G13)>0,"",G13/1000) -> 4.5 | I13: Ghi trên bản vẽ / Explicit | J13: Tờ 6 File 4 | K13: Bottom longitudinal dimension chain | L13: 4500
A14: P007 | B14: Lưới trục dọc Longitudinal grid | C14: axis_spacing | D14: Model: X Source: longitudinal 6 → 7 | E14: 4500 | F14: mm | G14: =IF(COUNTBLANK(E14)>0,"",E14) -> 4500 | H14: =IF(COUNTBLANK(G14)>0,"",G14/1000) -> 4.5 | I14: Ghi trên bản vẽ / Explicit | J14: Tờ 6 File 4 | K14: Bottom longitudinal dimension chain | L14: 4500
A15: P008 | B15: Lưới trục dọc Longitudinal grid | C15: axis_spacing | D15: Model: X Source: longitudinal 7 → 8 | E15: 4500 | F15: mm | G15: =IF(COUNTBLANK(E15)>0,"",E15) -> 4500 | H15: =IF(COUNTBLANK(G15)>0,"",G15/1000) -> 4.5 | I15: Ghi trên bản vẽ / Explicit | J15: Tờ 6 File 4 | K15: Bottom longitudinal dimension chain | L15: 4500
A16: P009 | B16: Lưới trục dọc Longitudinal grid | C16: axis_spacing | D16: Model: X Source: longitudinal 8 → 9 | E16: 4500 | F16: mm | G16: =IF(COUNTBLANK(E16)>0,"",E16) -> 4500 | H16: =IF(COUNTBLANK(G16)>0,"",G16/1000) -> 4.5 | I16: Ghi trên bản vẽ / Explicit | J16: Tờ 6 File 4 | K16: Bottom longitudinal dimension chain | L16: 4500
A17: P010 | B17: Lưới trục dọc Longitudinal grid | C17: axis_spacing | D17: Model: X Source: longitudinal 9 → 10 | E17: 7200 | F17: mm | G17: =IF(COUNTBLANK(E17)>0,"",E17) -> 7200 | H17: =IF(COUNTBLANK(G17)>0,"",G17/1000) -> 7.2 | I17: Ghi trên bản vẽ / Explicit | J17: Tờ 6 File 4 | K17: Bottom longitudinal dimension chain | L17: 7200
A18: P011 | B18: Lưới trục dọc Longitudinal grid | C18: axis_spacing | D18: Model: X Source: longitudinal 10 → 11 | E18: 4500 | F18: mm | G18: =IF(COUNTBLANK(E18)>0,"",E18) -> 4500 | H18: =IF(COUNTBLANK(G18)>0,"",G18/1000) -> 4.5 | I18: Ghi trên bản vẽ / Explicit | J18: Tờ 6 File 4 | K18: Bottom longitudinal dimension chain | L18: 4500
A19: P012 | B19: Lưới trục dọc Longitudinal grid | C19: axis_spacing | D19: Model: X Source: longitudinal 11 → 12 | E19: 4341 | F19: mm | G19: =IF(COUNTBLANK(E19)>0,"",E19) -> 4341 | H19: =IF(COUNTBLANK(G19)>0,"",G19/1000) -> 4.341 | I19: Ghi trên bản vẽ / Explicit | J19: Tờ 6 File 4 | K19: Bottom longitudinal dimension chain | L19: 4341
A20: P013 | B20: Lưới trục ngang Transverse grid | C20: axis_spacing | D20: Model: Z Source: transverse A → B | E20: 2835 | F20: mm | G20: =IF(COUNTBLANK(E20)>0,"",E20) -> 2835 | H20: =IF(COUNTBLANK(G20)>0,"",G20/1000) -> 2.835 | I20: Ghi trên bản vẽ / Explicit | J20: Tờ 6 File 4 | K20: Far-left transverse dimension chain | L20: 2835 | M20: Tiny CAD text recovered with a temporary reduced-stroke reading render; original PDF unchanged.
A21: P014 | B21: Lưới trục ngang Transverse grid | C21: axis_spacing | D21: Model: Z Source: transverse B → C | E21: 3054 | F21: mm | G21: =IF(COUNTBLANK(E21)>0,"",E21) -> 3054 | H21: =IF(COUNTBLANK(G21)>0,"",G21/1000) -> 3.054 | I21: Ghi trên bản vẽ / Explicit | J21: Tờ 6 File 4 | K21: Far-left transverse dimension chain | L21: 3054
A22: P015 | B22: Lưới trục ngang Transverse grid | C22: axis_spacing | D22: Model: Z Source: transverse C → D | E22: 3760 | F22: mm | G22: =IF(COUNTBLANK(E22)>0,"",E22) -> 3760 | H22: =IF(COUNTBLANK(G22)>0,"",G22/1000) -> 3.76 | I22: Ghi trên bản vẽ / Explicit | J22: Tờ 6 File 4 | K22: Far-left transverse dimension chain | L22: 3760
A23: P016 | B23: Lưới trục ngang Transverse grid | C23: axis_spacing | D23: Model: Z Source: transverse D → E | E23: 7200 | F23: mm | G23: =IF(COUNTBLANK(E23)>0,"",E23) -> 7200 | H23: =IF(COUNTBLANK(G23)>0,"",G23/1000) -> 7.2 | I23: Ghi trên bản vẽ / Explicit | J23: Tờ 6 File 4 | K23: Far-left transverse dimension chain | L23: 7200
A24: P017 | B24: Lưới trục ngang Transverse grid | C24: axis_spacing | D24: Model: Z Source: transverse E → G | E24: 3760 | F24: mm | G24: =IF(COUNTBLANK(E24)>0,"",E24) -> 3760 | H24: =IF(COUNTBLANK(G24)>0,"",G24/1000) -> 3.76 | I24: Ghi trên bản vẽ / Explicit | J24: Tờ 6 File 4 | K24: Far-left transverse dimension chain | L24: 3760
A25: P018 | B25: Lưới trục ngang Transverse grid | C25: axis_spacing | D25: Model: Z Source: transverse G → H | E25: 3054 | F25: mm | G25: =IF(COUNTBLANK(E25)>0,"",E25) -> 3054 | H25: =IF(COUNTBLANK(G25)>0,"",G25/1000) -> 3.054 | I25: Ghi trên bản vẽ / Explicit | J25: Tờ 6 File 4 | K25: Far-left transverse dimension chain | L25: 3054
A26: P019 | B26: Lưới trục ngang Transverse grid | C26: axis_spacing | D26: Model: Z Source: transverse H → I | E26: 2835 | F26: mm | G26: =IF(COUNTBLANK(E26)>0,"",E26) -> 2835 | H26: =IF(COUNTBLANK(G26)>0,"",G26/1000) -> 2.835 | I26: Ghi trên bản vẽ / Explicit | J26: Tờ 6 File 4 | K26: Far-left transverse dimension chain | L26: 2835 | M26: Tiny CAD text recovered with a temporary reduced-stroke reading render; original PDF unchanged.
A27: P020 | B27: Kích thước bao công trình Exterior envelope | C27: overall_length | D27: Model: X Source: longitudinal forecourt/front landing outer end → 1 | E27: 13219 | F27: mm | G27: =IF(COUNTBLANK(E27)>0,"",E27) -> 13219 | H27: =IF(COUNTBLANK(G27)>0,"",G27/1000) -> 13.219 | I27: Ghi trên bản vẽ / Explicit | J27: Tờ 6 File 4 | K27: Bottom left chain | L27: 13219
A28: P021 | B28: Kích thước bao công trình Exterior envelope | C28: overall_length | D28: Model: X Source: longitudinal forecourt/front landing outer end → rear exterior end | E28: 67064 | F28: mm | G28: =IF(COUNTBLANK(E28)>0,"",E28) -> 67064 | H28: =IF(COUNTBLANK(G28)>0,"",G28/1000) -> 67.064 | I28: Ghi trên bản vẽ / Explicit | J28: Tờ 6 File 4 | K28: Bottom overall chain | L28: 67064
A29: P022 | B29: Kích thước bao công trình Exterior envelope | C29: overall_length | D29: Model: X Source: longitudinal front tower exterior end → rear exterior end | E29: 54794 | F29: mm | G29: =IF(COUNTBLANK(E29)>0,"",E29) -> 54794 | H29: =IF(COUNTBLANK(G29)>0,"",G29/1000) -> 54.794 | I29: Ghi trên bản vẽ / Explicit | J29: Tờ 6 File 4 | K29: Top overall chain | L29: 54794 | M29: Top overall label was recovered with a temporary reduced-stroke reading render.
A30: P023 | B30: Kích thước bao công trình Exterior envelope | C30: edge_offset | D30: Model: Z Source: transverse upper outside edge near H → H | E30: 832 | F30: mm | G30: =IF(COUNTBLANK(E30)>0,"",E30) -> 832 | H30: =IF(COUNTBLANK(G30)>0,"",G30/1000) -> 0.832 | I30: Ghi trên bản vẽ / Explicit | J30: Tờ 6 File 4 | K30: Right outer main-body margin, above H | L30: 832
A31: P024 | B31: Kích thước bao công trình Exterior envelope | C31: edge_offset | D31: Model: Z Source: transverse B → lower outside edge near B | E31: 829 | F31: mm | G31: =IF(COUNTBLANK(E31)>0,"",E31) -> 829 | H31: =IF(COUNTBLANK(G31)>0,"",G31/1000) -> 0.829 | I31: Ghi trên bản vẽ / Explicit | J31: Tờ 6 File 4 | K31: Right outer main-body margin, below B | L31: 829
A32: P025 | B32: Kích thước bao công trình Exterior envelope | C32: edge_offset | D32: Model: Z Source: transverse A → lower transept exterior edge | E32: 829 | F32: mm | G32: =IF(COUNTBLANK(E32)>0,"",E32) -> 829 | H32: =IF(COUNTBLANK(G32)>0,"",G32/1000) -> 0.829 | I32: Ghi trên bản vẽ / Explicit | J32: Tờ 6 File 4 | K32: Right lowermost short offset, below A | L32: 829
A33: P026 | B33: Kích thước mặt bằng Main body | C33: overall_width | D33: Model: Z Source: transverse main upper exterior edge → main lower exterior edge | E33: 22489 | F33: mm | G33: =IF(COUNTBLANK(E33)>0,"",E33) -> 22489 | H33: =IF(COUNTBLANK(G33)>0,"",G33/1000) -> 22.489 | I33: Ghi trên bản vẽ / Explicit | J33: Tờ 6 File 4 | K33: Right middle overall dimension | L33: 22489 | M33: 832 + 3054 + 3760 + 7200 + 3760 + 3054 + 829 = 22489.
A34: P027 | B34: Kích thước mặt bằng Transept wings | C34: overall_width | D34: Model: Z Source: transverse upper wing exterior edge → lower wing exterior edge | E34: 28158 | F34: mm | G34: =IF(COUNTBLANK(E34)>0,"",E34) -> 28158 | H34: =IF(COUNTBLANK(G34)>0,"",G34/1000) -> 28.158 | I34: Ghi trên bản vẽ / Explicit | J34: Tờ 6 File 4 | K34: Right outermost overall dimension | L34: 28158 | M34: Do not replace with main-body width22489. Axis A–I total26498; assigning both832 and829 to wing edges would yield28159, 1mm above printed overall.
A35: P028 | B35: Kích thước mặt bằng Transept interior | C35: clear_width | D35: Model: Z Source: transverse upper wing inner wall face → lower wing inner wall face | E35: 26168 | F35: mm | G35: =IF(COUNTBLANK(E35)>0,"",E35) -> 26168 | H35: =IF(COUNTBLANK(G35)>0,"",G35/1000) -> 26.168 | I35: Ghi trên bản vẽ / Explicit | J35: Tờ 6 File 4 | K35: Vertical dimension inside bay9–10 | L35: 26168 | M35: Dimension spans interior faces of opposing transverse wing walls.
A36: P029 | B36: Kích thước mặt bằng Nave interior | C36: clear_width | D36: Model: Z Source: transverse inner face near G → inner face near C | E36: 14500 | F36: mm | G36: =IF(COUNTBLANK(E36)>0,"",E36) -> 14500 | H36: =IF(COUNTBLANK(G36)>0,"",G36/1000) -> 14.5 | I36: Ghi trên bản vẽ / Explicit | J36: Tờ 6 File 4 | K36: Vertical dimension near bay5–6 | L36: 14500 | M36: Grid G–C14720 is a different measurement.
A37: P030 | B37: Kích thước mặt bằng Main interior | C37: clear_length | D37: Model: X Source: longitudinal inside front wall near2′ → inside rear wall near12 | E37: 47386 | F37: mm | G37: =IF(COUNTBLANK(E37)>0,"",E37) -> 47386 | H37: =IF(COUNTBLANK(G37)>0,"",G37/1000) -> 47.386 | I37: Ghi trên bản vẽ / Explicit | J37: Tờ 6 File 4 | K37: Horizontal internal dimension near lower nave | L37: 47386 | M37: This is a clear overall interior dimension, not an axis span.
A38: P031 | B38: Kích thước mặt bằng Lower veranda | C38: clear_width | D38: Model: Z Source: transverse inner face near C → inner face near B | E38: 2779 | F38: mm | G38: =IF(COUNTBLANK(E38)>0,"",E38) -> 2779 | H38: =IF(COUNTBLANK(G38)>0,"",G38/1000) -> 2.779 | I38: Ghi trên bản vẽ / Explicit | J38: Tờ 6 File 4 | K38: Lower veranda width dimension near bay3–4 | L38: 2779 | M38: No identical opposite-veranda clear dimension printed.
A39: P032 | B39: Kích thước mặt bằng Transverse wing at9–10 | C39: longitudinal_span | D39: Model: X Source: longitudinal 9 → 10 | E39: 7200 | F39: mm | G39: =IF(COUNTBLANK(E39)>0,"",E39) -> 7200 | H39: =IF(COUNTBLANK(G39)>0,"",G39/1000) -> 7.2 | I39: Ghi trên bản vẽ / Explicit | J39: Tờ 6 File 4 | K39: Top wing dimension chain; repeated inside lower wing | L39: 7200 | M39: Grid span, not clear room width.
A40: P033 | B40: Kích thước mặt bằng Upper transverse wing | C40: front_end_projection | D40: Model: X Source: longitudinal wing front exterior edge → 9 | E40: 995 | F40: mm | G40: =IF(COUNTBLANK(E40)>0,"",E40) -> 995 | H40: =IF(COUNTBLANK(G40)>0,"",G40/1000) -> 0.995 | I40: Ghi trên bản vẽ / Explicit | J40: Tờ 6 File 4 | K40: Top wing outer dimension chain | L40: 995
A41: P034 | B41: Kích thước mặt bằng Upper transverse wing | C41: rear_end_projection | D41: Model: X Source: longitudinal 10 → wing rear exterior edge | E41: 993 | F41: mm | G41: =IF(COUNTBLANK(E41)>0,"",E41) -> 993 | H41: =IF(COUNTBLANK(G41)>0,"",G41/1000) -> 0.993 | I41: Ghi trên bản vẽ / Explicit | J41: Tờ 6 File 4 | K41: Top wing outer dimension chain | L41: 993
A42: P035 | B42: Kích thước mặt bằng Upper transverse wing | C42: overall_length | D42: Model: X Source: longitudinal wing front exterior edge → wing rear exterior edge | E42: 9188 | F42: mm | G42: =IF(COUNTBLANK(E42)>0,"",E42) -> 9188 | H42: =IF(COUNTBLANK(G42)>0,"",G42/1000) -> 9.188 | I42: Ghi trên bản vẽ / Explicit | J42: Tờ 6 File 4 | K42: Top wing outer overall chain | L42: 9188 | M42: 995 + 7200 + 993 = 9188.
A43: P036 | B43: Kích thước mặt bằng Lower front tower/recess | C43: clear_width | D43: Model: X Source: longitudinal front inside face → rear inside face | E43: 2770 | F43: mm | G43: =IF(COUNTBLANK(E43)>0,"",E43) -> 2770 | H43: =IF(COUNTBLANK(G43)>0,"",G43/1000) -> 2.77 | I43: Ghi trên bản vẽ / Explicit | J43: Tờ 6 File 4 | K43: Front lower tower horizontal dimension | L43: 2770 | M43: Use detail position in plan; not overall tower footprint.
A44: P037 | B44: Kích thước mặt bằng Lower front tower/recess | C44: clear_depth | D44: Model: Z Source: transverse upper inside face → lower inside face | E44: 2770 | F44: mm | G44: =IF(COUNTBLANK(E44)>0,"",E44) -> 2770 | H44: =IF(COUNTBLANK(G44)>0,"",G44/1000) -> 2.77 | I44: Ghi trên bản vẽ / Explicit | J44: Tờ 6 File 4 | K44: Front lower tower vertical dimension | L44: 2770 | M44: Use detail position in plan; not overall tower footprint.
A45: P038 | B45: Kích thước mặt bằng Lower front connecting passage | C45: clear_width | D45: Model: X Source: longitudinal front recess corner → inside face near2′ | E45: 1500 | F45: mm | G45: =IF(COUNTBLANK(E45)>0,"",E45) -> 1500 | H45: =IF(COUNTBLANK(G45)>0,"",G45/1000) -> 1.5 | I45: Ghi trên bản vẽ / Explicit | J45: Tờ 6 File 4 | K45: Front near axis C, horizontal passage dimension | L45: 1500 | M45: Local passage opening; not the same as altar offset1500.
A46: P039 | B46: Kích thước mặt bằng Lower front connecting passage | C46: opening_dimension | D46: Model: Z Source: transverse lower front passage upper endpoint → lower front passage lower endpoint | E46: 1821 | F46: mm | G46: =IF(COUNTBLANK(E46)>0,"",E46) -> 1821 | H46: =IF(COUNTBLANK(G46)>0,"",G46/1000) -> 1.821 | I46: Ghi trên bản vẽ / Explicit | J46: Tờ 6 File 4 | K46: Front near axes B–C, vertical passage dimension | L46: 1821
A47: P040 | B47: Cửa và trụ mặt tiền Front facade openings and pier zones | C47: chain_segment | D47: Model: Z Source: transverse front chain point0 → front chain point1 | E47: 935 | F47: mm | G47: =IF(COUNTBLANK(E47)>0,"",E47) -> 935 | H47: =IF(COUNTBLANK(G47)>0,"",G47/1000) -> 0.935 | I47: Ghi trên bản vẽ / Explicit | J47: Tờ 6 File 4 | K47: Inside front wall, near2′ between G and C | L47: 935 | M47: upper margin; chain ending margin at lower end is not explicitly labeled.
A48: P041 | B48: Cửa và trụ mặt tiền Front facade openings and pier zones | C48: chain_segment | D48: Model: Z Source: transverse front chain point1 → front chain point2 | E48: 2150 | F48: mm | G48: =IF(COUNTBLANK(E48)>0,"",E48) -> 2150 | H48: =IF(COUNTBLANK(G48)>0,"",G48/1000) -> 2.15 | I48: Ghi trên bản vẽ / Explicit | J48: Tờ 6 File 4 | K48: Inside front wall, near2′ between G and C | L48: 2150 | M48: upper portal clear; chain ending margin at lower end is not explicitly labeled.
A49: P042 | B49: Cửa và trụ mặt tiền Front facade openings and pier zones | C49: chain_segment | D49: Model: Z Source: transverse front chain point2 → front chain point3 | E49: 2725 | F49: mm | G49: =IF(COUNTBLANK(E49)>0,"",E49) -> 2725 | H49: =IF(COUNTBLANK(G49)>0,"",G49/1000) -> 2.725 | I49: Ghi trên bản vẽ / Explicit | J49: Tờ 6 File 4 | K49: Inside front wall, near2′ between G and C | L49: 2725 | M49: upper intermediate pier zone; chain ending margin at lower end is not explicitly labeled.
A50: P043 | B50: Cửa và trụ mặt tiền Front facade openings and pier zones | C50: chain_segment | D50: Model: Z Source: transverse front chain point3 → front chain point4 | E50: 3100 | F50: mm | G50: =IF(COUNTBLANK(E50)>0,"",E50) -> 3100 | H50: =IF(COUNTBLANK(G50)>0,"",G50/1000) -> 3.1 | I50: Ghi trên bản vẽ / Explicit | J50: Tờ 6 File 4 | K50: Inside front wall, near2′ between G and C | L50: 3100 | M50: central portal clear; chain ending margin at lower end is not explicitly labeled.
A51: P044 | B51: Cửa và trụ mặt tiền Front facade openings and pier zones | C51: chain_segment | D51: Model: Z Source: transverse front chain point4 → front chain point5 | E51: 2725 | F51: mm | G51: =IF(COUNTBLANK(E51)>0,"",E51) -> 2725 | H51: =IF(COUNTBLANK(G51)>0,"",G51/1000) -> 2.725 | I51: Ghi trên bản vẽ / Explicit | J51: Tờ 6 File 4 | K51: Inside front wall, near2′ between G and C | L51: 2725 | M51: lower intermediate pier zone; chain ending margin at lower end is not explicitly labeled.
A52: P045 | B52: Cửa và trụ mặt tiền Front facade openings and pier zones | C52: chain_segment | D52: Model: Z Source: transverse front chain point5 → front chain point6 | E52: 2150 | F52: mm | G52: =IF(COUNTBLANK(E52)>0,"",E52) -> 2150 | H52: =IF(COUNTBLANK(G52)>0,"",G52/1000) -> 2.15 | I52: Ghi trên bản vẽ / Explicit | J52: Tờ 6 File 4 | K52: Inside front wall, near2′ between G and C | L52: 2150 | M52: lower portal clear; chain ending margin at lower end is not explicitly labeled.
A53: P046 | B53: Cao độ mặt bằng Main nave datum | C53: elevation | D53: Model: Y Source: vertical ±0.000 datum → Main nave datum | E53: 0 | F53: m | G53: =IF(COUNTBLANK(E53)>0,"",E53*1000) -> 0 | H53: =IF(COUNTBLANK(G53)>0,"",G53/1000) -> 0 | I53: Ghi trên bản vẽ / Explicit | J53: Tờ 6 File 4 | K53: Main nave center | L53: +00 M
A54: P047 | B54: Cao độ mặt bằng Front forecourt/entrance landing | C54: elevation | D54: Model: Y Source: vertical ±0.000 datum → Front forecourt/entrance landing | E54: -0.48 | F54: m | G54: =IF(COUNTBLANK(E54)>0,"",E54*1000) -> -480 | H54: =IF(COUNTBLANK(G54)>0,"",G54/1000) -> -0.48 | I54: Ghi trên bản vẽ / Explicit | J54: Tờ 6 File 4 | K54: Large front approach area | L54: -0,48 M
A55: P048 | B55: Cao độ mặt bằng Side stair landings | C55: elevation | D55: Model: Y Source: vertical ±0.000 datum → Side stair landings | E55: -0.32 | F55: m | G55: =IF(COUNTBLANK(E55)>0,"",E55*1000) -> -320 | H55: =IF(COUNTBLANK(G55)>0,"",G55/1000) -> -0.32 | I55: Ghi trên bản vẽ / Explicit | J55: Tờ 6 File 4 | K55: Six side landing tags: upper/lower near3–5,7–9,10–12 | L55: -0,32 M
A56: P049 | B56: Cao độ mặt bằng Sanctuary/altar platform | C56: elevation | D56: Model: Y Source: vertical ±0.000 datum → Sanctuary/altar platform | E56: 0.75 | F56: m | G56: =IF(COUNTBLANK(E56)>0,"",E56*1000) -> 750 | H56: =IF(COUNTBLANK(G56)>0,"",G56/1000) -> 0.75 | I56: Ghi trên bản vẽ / Explicit | J56: Tờ 6 File 4 | K56: Sanctuary between9–11 | L56: +0,75 M
A57: P050 | B57: Cao độ mặt bằng Upper rear side room | C57: elevation | D57: Model: Y Source: vertical ±0.000 datum → Upper rear side room | E57: 0.15 | F57: m | G57: =IF(COUNTBLANK(E57)>0,"",E57*1000) -> 150 | H57: =IF(COUNTBLANK(G57)>0,"",G57/1000) -> 0.15 | I57: Ghi trên bản vẽ / Explicit | J57: Tờ 6 File 4 | K57: Room near10–12 between E and G | L57: +0,15 M
A58: P051 | B58: Cao độ mặt bằng Central rear room | C58: elevation | D58: Model: Y Source: vertical ±0.000 datum → Central rear room | E58: 0.15 | F58: m | G58: =IF(COUNTBLANK(E58)>0,"",E58*1000) -> 150 | H58: =IF(COUNTBLANK(G58)>0,"",G58/1000) -> 0.15 | I58: Ghi trên bản vẽ / Explicit | J58: Tờ 6 File 4 | K58: Room between11–12 and D–E | L58: +0,15 M
A59: P052 | B59: Cao độ mặt bằng Lower rear side room | C59: elevation | D59: Model: Y Source: vertical ±0.000 datum → Lower rear side room | E59: 0.15 | F59: m | G59: =IF(COUNTBLANK(E59)>0,"",E59*1000) -> 150 | H59: =IF(COUNTBLANK(G59)>0,"",G59/1000) -> 0.15 | I59: Ghi trên bản vẽ / Explicit | J59: Tờ 6 File 4 | K59: Room near10–12 between C and D | L59: +0,15 M
A60: P053 | B60: Nhịp cửa hiên phía H Veranda openings along axis H | C60: opening_chain_segment | D60: Model: X Source: longitudinal 2′–3:point0 → 2′–3:point1 | E60: 735 | F60: mm | G60: =IF(COUNTBLANK(E60)>0,"",E60) -> 735 | H60: =IF(COUNTBLANK(G60)>0,"",G60/1000) -> 0.735 | I60: Ghi trên bản vẽ / Explicit | J60: Tờ 6 File 4 | K60: Upper veranda dimension chain, bay2′–3 | L60: 735 | M60: Chain totals4500; 1000 sections correspond to two openings. 735/1030 portions are spacing/pier zones, not opening widths.
A61: P054 | B61: Nhịp cửa hiên phía H Veranda openings along axis H | C61: opening_chain_segment | D61: Model: X Source: longitudinal 2′–3:point1 → 2′–3:point2 | E61: 1000 | F61: mm | G61: =IF(COUNTBLANK(E61)>0,"",E61) -> 1000 | H61: =IF(COUNTBLANK(G61)>0,"",G61/1000) -> 1 | I61: Ghi trên bản vẽ / Explicit | J61: Tờ 6 File 4 | K61: Upper veranda dimension chain, bay2′–3 | L61: 1000 | M61: Chain totals4500; 1000 sections correspond to two openings. 735/1030 portions are spacing/pier zones, not opening widths.
A62: P055 | B62: Nhịp cửa hiên phía H Veranda openings along axis H | C62: opening_chain_segment | D62: Model: X Source: longitudinal 2′–3:point2 → 2′–3:point3 | E62: 1030 | F62: mm | G62: =IF(COUNTBLANK(E62)>0,"",E62) -> 1030 | H62: =IF(COUNTBLANK(G62)>0,"",G62/1000) -> 1.03 | I62: Ghi trên bản vẽ / Explicit | J62: Tờ 6 File 4 | K62: Upper veranda dimension chain, bay2′–3 | L62: 1030 | M62: Chain totals4500; 1000 sections correspond to two openings. 735/1030 portions are spacing/pier zones, not opening widths.
A63: P056 | B63: Nhịp cửa hiên phía H Veranda openings along axis H | C63: opening_chain_segment | D63: Model: X Source: longitudinal 2′–3:point3 → 2′–3:point4 | E63: 1000 | F63: mm | G63: =IF(COUNTBLANK(E63)>0,"",E63) -> 1000 | H63: =IF(COUNTBLANK(G63)>0,"",G63/1000) -> 1 | I63: Ghi trên bản vẽ / Explicit | J63: Tờ 6 File 4 | K63: Upper veranda dimension chain, bay2′–3 | L63: 1000 | M63: Chain totals4500; 1000 sections correspond to two openings. 735/1030 portions are spacing/pier zones, not opening widths.
A64: P057 | B64: Nhịp cửa hiên phía H Veranda openings along axis H | C64: opening_chain_segment | D64: Model: X Source: longitudinal 2′–3:point4 → 2′–3:point5 | E64: 735 | F64: mm | G64: =IF(COUNTBLANK(E64)>0,"",E64) -> 735 | H64: =IF(COUNTBLANK(G64)>0,"",G64/1000) -> 0.735 | I64: Ghi trên bản vẽ / Explicit | J64: Tờ 6 File 4 | K64: Upper veranda dimension chain, bay2′–3 | L64: 735 | M64: Chain totals4500; 1000 sections correspond to two openings. 735/1030 portions are spacing/pier zones, not opening widths.
A65: P058 | B65: Nhịp cửa hiên phía H Veranda openings along axis H | C65: opening_chain_segment | D65: Model: X Source: longitudinal 3–4:point0 → 3–4:point1 | E65: 735 | F65: mm | G65: =IF(COUNTBLANK(E65)>0,"",E65) -> 735 | H65: =IF(COUNTBLANK(G65)>0,"",G65/1000) -> 0.735 | I65: Ghi trên bản vẽ / Explicit | J65: Tờ 6 File 4 | K65: Upper veranda dimension chain, bay3–4 | L65: 735 | M65: Chain totals4500; 1000 sections correspond to two openings. 735/1030 portions are spacing/pier zones, not opening widths.
A66: P059 | B66: Nhịp cửa hiên phía H Veranda openings along axis H | C66: opening_chain_segment | D66: Model: X Source: longitudinal 3–4:point1 → 3–4:point2 | E66: 1000 | F66: mm | G66: =IF(COUNTBLANK(E66)>0,"",E66) -> 1000 | H66: =IF(COUNTBLANK(G66)>0,"",G66/1000) -> 1 | I66: Ghi trên bản vẽ / Explicit | J66: Tờ 6 File 4 | K66: Upper veranda dimension chain, bay3–4 | L66: 1000 | M66: Chain totals4500; 1000 sections correspond to two openings. 735/1030 portions are spacing/pier zones, not opening widths.
A67: P060 | B67: Nhịp cửa hiên phía H Veranda openings along axis H | C67: opening_chain_segment | D67: Model: X Source: longitudinal 3–4:point2 → 3–4:point3 | E67: 1030 | F67: mm | G67: =IF(COUNTBLANK(E67)>0,"",E67) -> 1030 | H67: =IF(COUNTBLANK(G67)>0,"",G67/1000) -> 1.03 | I67: Ghi trên bản vẽ / Explicit | J67: Tờ 6 File 4 | K67: Upper veranda dimension chain, bay3–4 | L67: 1030 | M67: Chain totals4500; 1000 sections correspond to two openings. 735/1030 portions are spacing/pier zones, not opening widths.
A68: P061 | B68: Nhịp cửa hiên phía H Veranda openings along axis H | C68: opening_chain_segment | D68: Model: X Source: longitudinal 3–4:point3 → 3–4:point4 | E68: 1000 | F68: mm | G68: =IF(COUNTBLANK(E68)>0,"",E68) -> 1000 | H68: =IF(COUNTBLANK(G68)>0,"",G68/1000) -> 1 | I68: Ghi trên bản vẽ / Explicit | J68: Tờ 6 File 4 | K68: Upper veranda dimension chain, bay3–4 | L68: 1000 | M68: Chain totals4500; 1000 sections correspond to two openings. 735/1030 portions are spacing/pier zones, not opening widths.
A69: P062 | B69: Nhịp cửa hiên phía H Veranda openings along axis H | C69: opening_chain_segment | D69: Model: X Source: longitudinal 3–4:point4 → 3–4:point5 | E69: 735 | F69: mm | G69: =IF(COUNTBLANK(E69)>0,"",E69) -> 735 | H69: =IF(COUNTBLANK(G69)>0,"",G69/1000) -> 0.735 | I69: Ghi trên bản vẽ / Explicit | J69: Tờ 6 File 4 | K69: Upper veranda dimension chain, bay3–4 | L69: 735 | M69: Chain totals4500; 1000 sections correspond to two openings. 735/1030 portions are spacing/pier zones, not opening widths.
A70: P063 | B70: Nhịp cửa hiên phía H Veranda openings along axis H | C70: opening_chain_segment | D70: Model: X Source: longitudinal 5–6:point0 → 5–6:point1 | E70: 735 | F70: mm | G70: =IF(COUNTBLANK(E70)>0,"",E70) -> 735 | H70: =IF(COUNTBLANK(G70)>0,"",G70/1000) -> 0.735 | I70: Ghi trên bản vẽ / Explicit | J70: Tờ 6 File 4 | K70: Upper veranda dimension chain, bay5–6 | L70: 735 | M70: Chain totals4500; 1000 sections correspond to two openings. 735/1030 portions are spacing/pier zones, not opening widths.
A71: P064 | B71: Nhịp cửa hiên phía H Veranda openings along axis H | C71: opening_chain_segment | D71: Model: X Source: longitudinal 5–6:point1 → 5–6:point2 | E71: 1000 | F71: mm | G71: =IF(COUNTBLANK(E71)>0,"",E71) -> 1000 | H71: =IF(COUNTBLANK(G71)>0,"",G71/1000) -> 1 | I71: Ghi trên bản vẽ / Explicit | J71: Tờ 6 File 4 | K71: Upper veranda dimension chain, bay5–6 | L71: 1000 | M71: Chain totals4500; 1000 sections correspond to two openings. 735/1030 portions are spacing/pier zones, not opening widths.
... A117: P110 | B117: Cửa phòng sau phía C Rear side-room opening along axis C | C117: opening_chain_segment | D117: Model: X Source: longitudinal 11–12:point2 → 11–12:point3 | E117: 1491 | F117: mm | G117: =IF(COUNTBLANK(E117)>0,"",E117) -> 1491 | H117: =IF(COUNTBLANK(G117)>0,"",G117/1000) -> 1.491 | I117: Ghi trên bản vẽ / Explicit | J117: Tờ 6 File 4 | K117: Rear lower room/veranda boundary, bay11–12 | L117: 1491 | M117: 1650+1200+1491=4341; central opening1200.
A118: P111 | B118: Cung thánh và phòng sau Upper sanctuary outer margin | C118: offset | D118: Model: Z Source: transverse G → upper outer stage edge | E118: 1860 | F118: mm | G118: =IF(COUNTBLANK(E118)>0,"",E118) -> 1860 | H118: =IF(COUNTBLANK(G118)>0,"",G118/1000) -> 1.86 | I118: Ghi trên bản vẽ / Explicit | J118: Tờ 6 File 4 | K118: Sanctuary upper dimension chain | L118: 1860
A119: P112 | B119: Cung thánh và phòng sau Upper sanctuary step zone | C119: step_zone_width | D119: Model: Z Source: transverse upper outer stage edge → upper inner stage edge | E119: 1000 | F119: mm | G119: =IF(COUNTBLANK(E119)>0,"",E119) -> 1000 | H119: =IF(COUNTBLANK(G119)>0,"",G119/1000) -> 1 | I119: Ghi trên bản vẽ / Explicit | J119: Tờ 6 File 4 | K119: Sanctuary upper chain | L119: 1000
A120: P113 | B120: Cung thánh và phòng sau Upper sanctuary platform margin | C120: offset | D120: Model: Z Source: transverse upper inner stage edge → E | E120: 900 | F120: mm | G120: =IF(COUNTBLANK(E120)>0,"",E120) -> 900 | H120: =IF(COUNTBLANK(G120)>0,"",G120/1000) -> 0.9 | I120: Ghi trên bản vẽ / Explicit | J120: Tờ 6 File 4 | K120: Sanctuary upper chain | L120: 900
A121: P114 | B121: Cung thánh và phòng sau Sanctuary-front rectangular feature upper side spacing | C121: spacing | D121: Model: Z Source: transverse E → rectangular feature upper side | E121: 2650 | F121: mm | G121: =IF(COUNTBLANK(E121)>0,"",E121) -> 2650 | H121: =IF(COUNTBLANK(G121)>0,"",G121/1000) -> 2.65 | I121: Ghi trên bản vẽ / Explicit | J121: Tờ 6 File 4 | K121: Sanctuary center dimension chain | L121: 2650
A122: P115 | B122: Chi tiết chữ nhật trước cung thánh, chưa có nhãn Unlabeled sanctuary-front rectangular feature | C122: width | D122: Model: Z Source: transverse rectangular feature upper side → rectangular feature lower side | E122: 1900 | F122: mm | G122: =IF(COUNTBLANK(E122)>0,"",E122) -> 1900 | H122: =IF(COUNTBLANK(G122)>0,"",G122/1000) -> 1.9 | I122: Ghi trên bản vẽ / Explicit | J122: Tờ 6 File 4 | K122: Sanctuary center dimension chain | L122: 1900 | M122: Dimension is printed, but identity is not labeled; drawn subdivisions may be steps. Do not use as a confirmed altar-table procurement dimension.
A123: P116 | B123: Cung thánh và phòng sau Sanctuary-front rectangular feature lower side spacing | C123: spacing | D123: Model: Z Source: transverse rectangular feature lower side → D | E123: 2650 | F123: mm | G123: =IF(COUNTBLANK(E123)>0,"",E123) -> 2650 | H123: =IF(COUNTBLANK(G123)>0,"",G123/1000) -> 2.65 | I123: Ghi trên bản vẽ / Explicit | J123: Tờ 6 File 4 | K123: Sanctuary center dimension chain | L123: 2650
A124: P117 | B124: Cung thánh và phòng sau Lower sanctuary platform margin | C124: offset | D124: Model: Z Source: transverse D → lower inner stage edge | E124: 900 | F124: mm | G124: =IF(COUNTBLANK(E124)>0,"",E124) -> 900 | H124: =IF(COUNTBLANK(G124)>0,"",G124/1000) -> 0.9 | I124: Ghi trên bản vẽ / Explicit | J124: Tờ 6 File 4 | K124: Sanctuary lower chain | L124: 900
A125: P118 | B125: Cung thánh và phòng sau Lower sanctuary step zone | C125: step_zone_width | D125: Model: Z Source: transverse lower inner stage edge → lower outer stage edge | E125: 1000 | F125: mm | G125: =IF(COUNTBLANK(E125)>0,"",E125) -> 1000 | H125: =IF(COUNTBLANK(G125)>0,"",G125/1000) -> 1 | I125: Ghi trên bản vẽ / Explicit | J125: Tờ 6 File 4 | K125: Sanctuary lower chain | L125: 1000
A126: P119 | B126: Cung thánh và phòng sau Sanctuary outer front step | C126: front_offset | D126: Model: X Source: longitudinal 9 → outer front stage edge | E126: 500 | F126: mm | G126: =IF(COUNTBLANK(E126)>0,"",E126) -> 500 | H126: =IF(COUNTBLANK(G126)>0,"",G126/1000) -> 0.5 | I126: Ghi trên bản vẽ / Explicit | J126: Tờ 6 File 4 | K126: Front edge of sanctuary, just right of axis9 | L126: 500
A127: P120 | B127: Cung thánh và phòng sau Sanctuary front step zone | C127: step_zone_depth | D127: Model: X Source: longitudinal outer front stage edge → inner front stage edge | E127: 1000 | F127: mm | G127: =IF(COUNTBLANK(E127)>0,"",E127) -> 1000 | H127: =IF(COUNTBLANK(G127)>0,"",G127/1000) -> 1 | I127: Ghi trên bản vẽ / Explicit | J127: Tờ 6 File 4 | K127: Front edge of sanctuary, just right of axis9 | L127: 1000
A128: P121 | B128: Cung thánh và phòng sau Sanctuary inner front edge | C128: front_offset | D128: Model: X Source: longitudinal 9 → inner front stage edge | E128: 1500 | F128: mm | G128: =IF(COUNTBLANK(E128)>0,"",E128) -> 1500 | H128: =IF(COUNTBLANK(G128)>0,"",G128/1000) -> 1.5 | I128: Ghi trên bản vẽ / Explicit | J128: Tờ 6 File 4 | K128: Lower sanctuary horizontal dimension chain | L128: 1500 | M128: 500+1000=1500.
A129: P122 | B129: Cung thánh và phòng sau Sanctuary front section | C129: depth | D129: Model: X Source: longitudinal inner front stage edge → 10 | E129: 5700 | F129: mm | G129: =IF(COUNTBLANK(E129)>0,"",E129) -> 5700 | H129: =IF(COUNTBLANK(G129)>0,"",G129/1000) -> 5.7 | I129: Ghi trên bản vẽ / Explicit | J129: Tờ 6 File 4 | K129: Lower sanctuary horizontal dimension chain | L129: 5700 | M129: 1500+5700=7200, the9–10 bay.
A130: P123 | B130: Chi tiết chữ nhật trước cung thánh, chưa có nhãn Unlabeled sanctuary-front rectangular feature | C130: depth | D130: Model: X Source: longitudinal rectangular feature front side → rectangular feature rear side | E130: 870 | F130: mm | G130: =IF(COUNTBLANK(E130)>0,"",E130) -> 870 | H130: =IF(COUNTBLANK(G130)>0,"",G130/1000) -> 0.87 | I130: Ghi trên bản vẽ / Explicit | J130: Tờ 6 File 4 | K130: Unidentified sanctuary rectangle, horizontal dimension next to 9 | L130: 870 | M130: Dimension is printed, but identity is not labeled; drawn subdivisions may be steps. Do not use as a confirmed altar-table procurement dimension.
A131: P124 | B131: Cung thánh và phòng sau Rear central room front setback upper | C131: offset | D131: Model: X Source: longitudinal rear partition reference near11 → room front partition face | E131: 1000 | F131: mm | G131: =IF(COUNTBLANK(E131)>0,"",E131) -> 1000 | H131: =IF(COUNTBLANK(G131)>0,"",G131/1000) -> 1 | I131: Ghi trên bản vẽ / Explicit | J131: Tờ 6 File 4 | K131: Rear central room upper horizontal local dimension | L131: 1000 | M131: Local endpoint should be taken from plan detail; not a wall-thickness specification.
A132: P125 | B132: Cung thánh và phòng sau Rear central room | C132: clear_depth | D132: Model: X Source: longitudinal room front partition face → rear inside wall face | E132: 3066 | F132: mm | G132: =IF(COUNTBLANK(E132)>0,"",E132) -> 3066 | H132: =IF(COUNTBLANK(G132)>0,"",G132/1000) -> 3.066 | I132: Ghi trên bản vẽ / Explicit | J132: Tờ 6 File 4 | K132: Rear room upper dimension along axis E | L132: 3066
A133: P126 | B133: Cung thánh và phòng sau Rear central room front setback lower | C133: offset | D133: Model: X Source: longitudinal rear partition reference near11 → room front partition face | E133: 1000 | F133: mm | G133: =IF(COUNTBLANK(E133)>0,"",E133) -> 1000 | H133: =IF(COUNTBLANK(G133)>0,"",G133/1000) -> 1 | I133: Ghi trên bản vẽ / Explicit | J133: Tờ 6 File 4 | K133: Rear central room lower horizontal local dimension | L133: 1000 | M133: Local endpoint should be taken from plan detail; not a wall-thickness specification.
A134: P127 | B134: Cung thánh và phòng sau Lower rear room connecting door | C134: clear_opening | D134: Model: Z Source: transverse door upper edge → door lower edge | E134: 1200 | F134: mm | G134: =IF(COUNTBLANK(E134)>0,"",E134) -> 1200 | H134: =IF(COUNTBLANK(G134)>0,"",G134/1000) -> 1.2 | I134: Ghi trên bản vẽ / Explicit | J134: Tờ 6 File 4 | K134: Rear lower room door along11, between C and D | L134: 1200
A135: P128 | B135: Tọa độ trục dọc Longitudinal axis coordinate | C135: coordinate | D135: Model: X Source: longitudinal 1 → 1 | G135: =0 -> 0 | H135: =IF(COUNTBLANK(G135)>0,"",G135/1000) -> 0 | I135: Tính từ bản vẽ / Derived | J135: Tờ 6 File 4 | K135: Derived from bottom grid chain | M135: Positive toward rear. This is a data convention, not a surveyed north/east coordinate. Calculation: Cumulative sum of printed longitudinal axis spacings; origin axis1=0mm.
A136: P129 | B136: Tọa độ trục dọc Longitudinal axis coordinate | C136: coordinate | D136: Model: X Source: longitudinal 1 → 2 | G136: =IF(OR(COUNTBLANK('Dimensions'!G135)>0,COUNTBLANK('Dimensions'!G8)>0),"",'Dimensions'!G135+'Dimensions'!G8) -> 4900 | H136: =IF(COUNTBLANK(G136)>0,"",G136/1000) -> 4.9 | I136: Tính từ bản vẽ / Derived | J136: Tờ 6 File 4 | K136: Derived from bottom grid chain | M136: Positive toward rear. This is a data convention, not a surveyed north/east coordinate. Calculation: Cumulative sum of printed longitudinal axis spacings; origin axis1=0mm.
A137: P130 | B137: Tọa độ trục dọc Longitudinal axis coordinate | C137: coordinate | D137: Model: X Source: longitudinal 1 → 2′ | G137: =IF(OR(COUNTBLANK('Dimensions'!G136)>0,COUNTBLANK('Dimensions'!G9)>0),"",'Dimensions'!G136+'Dimensions'!G9) -> 5475 | H137: =IF(COUNTBLANK(G137)>0,"",G137/1000) -> 5.475 | I137: Tính từ bản vẽ / Derived | J137: Tờ 6 File 4 | K137: Derived from bottom grid chain | M137: Positive toward rear. This is a data convention, not a surveyed north/east coordinate. Calculation: Cumulative sum of printed longitudinal axis spacings; origin axis1=0mm.
A138: P131 | B138: Tọa độ trục dọc Longitudinal axis coordinate | C138: coordinate | D138: Model: X Source: longitudinal 1 → 3 | G138: =IF(OR(COUNTBLANK('Dimensions'!G137)>0,COUNTBLANK('Dimensions'!G10)>0),"",'Dimensions'!G137+'Dimensions'!G10) -> 9975 | H138: =IF(COUNTBLANK(G138)>0,"",G138/1000) -> 9.975 | I138: Tính từ bản vẽ / Derived | J138: Tờ 6 File 4 | K138: Derived from bottom grid chain | M138: Positive toward rear. This is a data convention, not a surveyed north/east coordinate. Calculation: Cumulative sum of printed longitudinal axis spacings; origin axis1=0mm.
A139: P132 | B139: Tọa độ trục dọc Longitudinal axis coordinate | C139: coordinate | D139: Model: X Source: longitudinal 1 → 4 | G139: =IF(OR(COUNTBLANK('Dimensions'!G138)>0,COUNTBLANK('Dimensions'!G11)>0),"",'Dimensions'!G138+'Dimensions'!G11) -> 14475 | H139: =IF(COUNTBLANK(G139)>0,"",G139/1000) -> 14.475 | I139: Tính từ bản vẽ / Derived | J139: Tờ 6 File 4 | K139: Derived from bottom grid chain | M139: Positive toward rear. This is a data convention, not a surveyed north/east coordinate. Calculation: Cumulative sum of printed longitudinal axis spacings; origin axis1=0mm.
A140: P133 | B140: Tọa độ trục dọc Longitudinal axis coordinate | C140: coordinate | D140: Model: X Source: longitudinal 1 → 5 | G140: =IF(OR(COUNTBLANK('Dimensions'!G139)>0,COUNTBLANK('Dimensions'!G12)>0),"",'Dimensions'!G139+'Dimensions'!G12) -> 18975 | H140: =IF(COUNTBLANK(G140)>0,"",G140/1000) -> 18.975 | I140: Tính từ bản vẽ / Derived | J140: Tờ 6 File 4 | K140: Derived from bottom grid chain | M140: Positive toward rear. This is a data convention, not a surveyed north/east coordinate. Calculation: Cumulative sum of printed longitudinal axis spacings; origin axis1=0mm.
A141: P134 | B141: Tọa độ trục dọc Longitudinal axis coordinate | C141: coordinate | D141: Model: X Source: longitudinal 1 → 6 | G141: =IF(OR(COUNTBLANK('Dimensions'!G140)>0,COUNTBLANK('Dimensions'!G13)>0),"",'Dimensions'!G140+'Dimensions'!G13) -> 23475 | H141: =IF(COUNTBLANK(G141)>0,"",G141/1000) -> 23.475 | I141: Tính từ bản vẽ / Derived | J141: Tờ 6 File 4 | K141: Derived from bottom grid chain | M141: Positive toward rear. This is a data convention, not a surveyed north/east coordinate. Calculation: Cumulative sum of printed longitudinal axis spacings; origin axis1=0mm.
A142: P135 | B142: Tọa độ trục dọc Longitudinal axis coordinate | C142: coordinate | D142: Model: X Source: longitudinal 1 → 7 | G142: =IF(OR(COUNTBLANK('Dimensions'!G141)>0,COUNTBLANK('Dimensions'!G14)>0),"",'Dimensions'!G141+'Dimensions'!G14) -> 27975 | H142: =IF(COUNTBLANK(G142)>0,"",G142/1000) -> 27.975 | I142: Tính từ bản vẽ / Derived | J142: Tờ 6 File 4 | K142: Derived from bottom grid chain | M142: Positive toward rear. This is a data convention, not a surveyed north/east coordinate. Calculation: Cumulative sum of printed longitudinal axis spacings; origin axis1=0mm.
A143: P136 | B143: Tọa độ trục dọc Longitudinal axis coordinate | C143: coordinate | D143: Model: X Source: longitudinal 1 → 8 | G143: =IF(OR(COUNTBLANK('Dimensions'!G142)>0,COUNTBLANK('Dimensions'!G15)>0),"",'Dimensions'!G142+'Dimensions'!G15) -> 32475 | H143: =IF(COUNTBLANK(G143)>0,"",G143/1000) -> 32.475 | I143: Tính từ bản vẽ / Derived | J143: Tờ 6 File 4 | K143: Derived from bottom grid chain | M143: Positive toward rear. This is a data convention, not a surveyed north/east coordinate. Calculation: Cumulative sum of printed longitudinal axis spacings; origin axis1=0mm.
A144: P137 | B144: Tọa độ trục dọc Longitudinal axis coordinate | C144: coordinate | D144: Model: X Source: longitudinal 1 → 9 | G144: =IF(OR(COUNTBLANK('Dimensions'!G143)>0,COUNTBLANK('Dimensions'!G16)>0),"",'Dimensions'!G143+'Dimensions'!G16) -> 36975 | H144: =IF(COUNTBLANK(G144)>0,"",G144/1000) -> 36.975 | I144: Tính từ bản vẽ / Derived | J144: Tờ 6 File 4 | K144: Derived from bottom grid chain | M144: Positive toward rear. This is a data convention, not a surveyed north/east coordinate. Calculation: Cumulative sum of printed longitudinal axis spacings; origin axis1=0mm.
A145: P138 | B145: Tọa độ trục dọc Longitudinal axis coordinate | C145: coordinate | D145: Model: X Source: longitudinal 1 → 10 | G145: =IF(OR(COUNTBLANK('Dimensions'!G144)>0,COUNTBLANK('Dimensions'!G17)>0),"",'Dimensions'!G144+'Dimensions'!G17) -> 44175 | H145: =IF(COUNTBLANK(G145)>0,"",G145/1000) -> 44.175 | I145: Tính từ bản vẽ / Derived | J145: Tờ 6 File 4 | K145: Derived from bottom grid chain | M145: Positive toward rear. This is a data convention, not a surveyed north/east coordinate. Calculation: Cumulative sum of printed longitudinal axis spacings; origin axis1=0mm.
A146: P139 | B146: Tọa độ trục dọc Longitudinal axis coordinate | C146: coordinate | D146: Model: X Source: longitudinal 1 → 11 | G146: =IF(OR(COUNTBLANK('Dimensions'!G145)>0,COUNTBLANK('Dimensions'!G18)>0),"",'Dimensions'!G145+'Dimensions'!G18) -> 48675 | H146: =IF(COUNTBLANK(G146)>0,"",G146/1000) -> 48.675 | I146: Tính từ bản vẽ / Derived | J146: Tờ 6 File 4 | K146: Derived from bottom grid chain | M146: Positive toward rear. This is a data convention, not a surveyed north/east coordinate. Calculation: Cumulative sum of printed longitudinal axis spacings; origin axis1=0mm.
A147: P140 | B147: Tọa độ trục dọc Longitudinal axis coordinate | C147: coordinate | D147: Model: X Source: longitudinal 1 → 12 | G147: =IF(OR(COUNTBLANK('Dimensions'!G146)>0,COUNTBLANK('Dimensions'!G19)>0),"",'Dimensions'!G146+'Dimensions'!G19) -> 53016 | H147: =IF(COUNTBLANK(G147)>0,"",G147/1000) -> 53.016 | I147: Tính từ bản vẽ / Derived | J147: Tờ 6 File 4 | K147: Derived from bottom grid chain | M147: Positive toward rear. This is a data convention, not a surveyed north/east coordinate. Calculation: Cumulative sum of printed longitudinal axis spacings; origin axis1=0mm.
A148: P141 | B148: Tọa độ trục ngang Transverse axis coordinate | C148: coordinate | D148: Model: Z Source: transverse A → A | G148: =0 -> 0 | H148: =IF(COUNTBLANK(G148)>0,"",G148/1000) -> 0 | I148: Tính từ bản vẽ / Derived | J148: Tờ 6 File 4 | K148: Derived from transverse grid chain | M148: Positive toward I. No axis F occurs in these sheets. Calculation: Cumulative sum of printed transverse axis spacings; origin axisA=0mm.
A149: P142 | B149: Tọa độ trục ngang Transverse axis coordinate | C149: coordinate | D149: Model: Z Source: transverse A → B | G149: =IF(OR(COUNTBLANK('Dimensions'!G148)>0,COUNTBLANK('Dimensions'!G20)>0),"",'Dimensions'!G148+'Dimensions'!G20) -> 2835 | H149: =IF(COUNTBLANK(G149)>0,"",G149/1000) -> 2.835 | I149: Tính từ bản vẽ / Derived | J149: Tờ 6 File 4 | K149: Derived from transverse grid chain | M149: Positive toward I. No axis F occurs in these sheets. Calculation: Cumulative sum of printed transverse axis spacings; origin axisA=0mm.
...

Sheet Model grid
A2: TỌA ĐỘ MÔ HÌNH / MODEL COORDINATES
A4: X=0 tại trục 1. Y=0 tại sàn gian chính. Z=0 tại trung điểm D–E; Z dương về H/I.
A7: Trục 3D / Axis | B7: Trục hoặc cao độ / Grid or level | C7: Bước trục (mm) | D7: Tọa độ (mm) | E7: Tọa độ (m) | F7: Mã nguồn / Source ID | G7: Cơ sở / Basis | H7: Ghi chú / Notes
A8: X | B8: 1 | D8: =IF(OR(COUNTBLANK('Dimensions'!G135)>0),"",'Dimensions'!G135) -> 0 | E8: =IF(COUNTBLANK(D8)>0,"",D8/1000) -> 0 | F8: P128 | G8: Model coordinate origin | H8: X=0 tại trục 1. Y=0 tại sàn gian chính. Z=0 tại trung điểm D–E; Z dương về H/I.
A9: X | B9: 2 | C9: =IF(OR(COUNTBLANK('Dimensions'!G8)>0),"",'Dimensions'!G8) -> 4900 | D9: =IF(OR(COUNTBLANK('Dimensions'!G136)>0),"",'Dimensions'!G136) -> 4900 | E9: =IF(COUNTBLANK(D9)>0,"",D9/1000) -> 4.9 | F9: P001, P129 | G9: Cumulative plan grid | H9: Tâm trục / Grid centerline
A10: X | B10: 2′ | C10: =IF(OR(COUNTBLANK('Dimensions'!G9)>0),"",'Dimensions'!G9) -> 575 | D10: =IF(OR(COUNTBLANK('Dimensions'!G137)>0),"",'Dimensions'!G137) -> 5475 | E10: =IF(COUNTBLANK(D10)>0,"",D10/1000) -> 5.475 | F10: P002, P130 | G10: Cumulative plan grid | H10: Tâm trục / Grid centerline
A11: X | B11: 3 | C11: =IF(OR(COUNTBLANK('Dimensions'!G10)>0),"",'Dimensions'!G10) -> 4500 | D11: =IF(OR(COUNTBLANK('Dimensions'!G138)>0),"",'Dimensions'!G138) -> 9975 | E11: =IF(COUNTBLANK(D11)>0,"",D11/1000) -> 9.975 | F11: P003, P131 | G11: Cumulative plan grid | H11: Tâm trục / Grid centerline
A12: X | B12: 4 | C12: =IF(OR(COUNTBLANK('Dimensions'!G11)>0),"",'Dimensions'!G11) -> 4500 | D12: =IF(OR(COUNTBLANK('Dimensions'!G139)>0),"",'Dimensions'!G139) -> 14475 | E12: =IF(COUNTBLANK(D12)>0,"",D12/1000) -> 14.475 | F12: P004, P132 | G12: Cumulative plan grid | H12: Tâm trục / Grid centerline
A13: X | B13: 5 | C13: =IF(OR(COUNTBLANK('Dimensions'!G12)>0),"",'Dimensions'!G12) -> 4500 | D13: =IF(OR(COUNTBLANK('Dimensions'!G140)>0),"",'Dimensions'!G140) -> 18975 | E13: =IF(COUNTBLANK(D13)>0,"",D13/1000) -> 18.975 | F13: P005, P133 | G13: Cumulative plan grid | H13: Tâm trục / Grid centerline
A14: X | B14: 6 | C14: =IF(OR(COUNTBLANK('Dimensions'!G13)>0),"",'Dimensions'!G13) -> 4500 | D14: =IF(OR(COUNTBLANK('Dimensions'!G141)>0),"",'Dimensions'!G141) -> 23475 | E14: =IF(COUNTBLANK(D14)>0,"",D14/1000) -> 23.475 | F14: P006, P134 | G14: Cumulative plan grid | H14: Tâm trục / Grid centerline
A15: X | B15: 7 | C15: =IF(OR(COUNTBLANK('Dimensions'!G14)>0),"",'Dimensions'!G14) -> 4500 | D15: =IF(OR(COUNTBLANK('Dimensions'!G142)>0),"",'Dimensions'!G142) -> 27975 | E15: =IF(COUNTBLANK(D15)>0,"",D15/1000) -> 27.975 | F15: P007, P135 | G15: Cumulative plan grid | H15: Tâm trục / Grid centerline
A16: X | B16: 8 | C16: =IF(OR(COUNTBLANK('Dimensions'!G15)>0),"",'Dimensions'!G15) -> 4500 | D16: =IF(OR(COUNTBLANK('Dimensions'!G143)>0),"",'Dimensions'!G143) -> 32475 | E16: =IF(COUNTBLANK(D16)>0,"",D16/1000) -> 32.475 | F16: P008, P136 | G16: Cumulative plan grid | H16: Tâm trục / Grid centerline
A17: X | B17: 9 | C17: =IF(OR(COUNTBLANK('Dimensions'!G16)>0),"",'Dimensions'!G16) -> 4500 | D17: =IF(OR(COUNTBLANK('Dimensions'!G144)>0),"",'Dimensions'!G144) -> 36975 | E17: =IF(COUNTBLANK(D17)>0,"",D17/1000) -> 36.975 | F17: P009, P137 | G17: Cumulative plan grid | H17: Tâm trục / Grid centerline
A18: X | B18: 10 | C18: =IF(OR(COUNTBLANK('Dimensions'!G17)>0),"",'Dimensions'!G17) -> 7200 | D18: =IF(OR(COUNTBLANK('Dimensions'!G145)>0),"",'Dimensions'!G145) -> 44175 | E18: =IF(COUNTBLANK(D18)>0,"",D18/1000) -> 44.175 | F18: P010, P138 | G18: Cumulative plan grid | H18: Tâm trục / Grid centerline
A19: X | B19: 11 | C19: =IF(OR(COUNTBLANK('Dimensions'!G18)>0),"",'Dimensions'!G18) -> 4500 | D19: =IF(OR(COUNTBLANK('Dimensions'!G146)>0),"",'Dimensions'!G146) -> 48675 | E19: =IF(COUNTBLANK(D19)>0,"",D19/1000) -> 48.675 | F19: P011, P139 | G19: Cumulative plan grid | H19: Tâm trục / Grid centerline
A20: X | B20: 12 | C20: =IF(OR(COUNTBLANK('Dimensions'!G19)>0),"",'Dimensions'!G19) -> 4341 | D20: =IF(OR(COUNTBLANK('Dimensions'!G147)>0),"",'Dimensions'!G147) -> 53016 | E20: =IF(COUNTBLANK(D20)>0,"",D20/1000) -> 53.016 | F20: P012, P140 | G20: Cumulative plan grid | H20: Tâm trục / Grid centerline
A21: X | B21: Approach toe (plan) | D21: =IF(OR(COUNTBLANK('Dimensions'!G27)>0),"",-'Dimensions'!G27) -> -13219 | E21: =IF(COUNTBLANK(D21)>0,"",D21/1000) -> -13.219 | F21: P020 | G21: Ground plan extent | H21: Tờ 6. Điểm đầu của chuỗi 67,064 mm / Start of 67,064 mm overall chain
A22: X | B22: Rear edge (plan) | D22: =IF(OR(COUNTBLANK('Dimensions'!G147)>0,COUNTBLANK('Dimensions'!G162)>0),"",'Dimensions'!G147+'Dimensions'!G162) -> 53845 | E22: =IF(COUNTBLANK(D22)>0,"",D22/1000) -> 53.845 | F22: P140, P155 | G22: Ground plan extent | H22: Tờ 6. Biên sau nhà theo chuỗi mặt bằng / Rear exterior plan edge
A23: X | B23: Tower front edge (plan) | D23: =IF(OR(COUNTBLANK('Dimensions'!G163)>0),"",-'Dimensions'!G163) -> -949 | E23: =IF(COUNTBLANK(D23)>0,"",D23/1000) -> -0.949 | F23: P156 | G23: Ground plan extent | H23: Tờ 6. Giới hạn tháp trong chuỗi 54,794 mm / Tower front edge in 54,794 mm chain
A24: X | B24: Front edge (roof) | D24: =IF(OR(COUNTBLANK('Dimensions'!G178)>0),"",-'Dimensions'!G178) -> -915 | E24: =IF(COUNTBLANK(D24)>0,"",D24/1000) -> -0.915 | F24: P171 | G24: Roof plan lower chain | H24: Tờ 11. Chuỗi dưới 54,736 mm / Lower 54,736 mm dimension chain
A25: X | B25: Rear edge (roof) | D25: =IF(OR(COUNTBLANK('Dimensions'!G147)>0,COUNTBLANK('Dimensions'!G179)>0),"",'Dimensions'!G147+'Dimensions'!G179) -> 53821 | E25: =IF(COUNTBLANK(D25)>0,"",D25/1000) -> 53.821 | F25: P140, P172 | G25: Roof plan lower chain | H25: Tờ 11. Chuỗi dưới 54,736 mm / Lower 54,736 mm dimension chain
A26: X | B26: Approach toe (elevation) | D26: =IF(OR(COUNTBLANK('Dimensions'!G271)>0),"",-'Dimensions'!G271) -> -13194 | E26: =IF(COUNTBLANK(D26)>0,"",D26/1000) -> -13.194 | F26: E051 | G26: Side elevation extent | H26: Tờ 2. Chuỗi riêng 67,149 mm / Separate 67,149 mm dimension chain
A27: X | B27: Far-end edge (elevation) | D27: =IF(OR(COUNTBLANK('Dimensions'!G302)>0,COUNTBLANK('Dimensions'!G284)>0),"",'Dimensions'!G302+'Dimensions'!G284) -> 53955 | E27: =IF(COUNTBLANK(D27)>0,"",D27/1000) -> 53.955 | F27: E082, E064 | G27: Side elevation extent | H27: Tờ 2. Điểm cuối khác mặt bằng / End witness differs from plan
A28: Z | B28: A | D28: =IF(OR(COUNTBLANK('Dimensions'!G148)>0,COUNTBLANK('Dimensions'!G161)>0),"",'Dimensions'!G148-'Dimensions'!G161) -> -13249 | E28: =IF(COUNTBLANK(D28)>0,"",D28/1000) -> -13.249 | F28: P141, P154 | G28: Centered plan grid | H28: Tâm trục / Grid centerline
A29: Z | B29: B | C29: =IF(OR(COUNTBLANK('Dimensions'!G20)>0),"",'Dimensions'!G20) -> 2835 | D29: =IF(OR(COUNTBLANK('Dimensions'!G149)>0,COUNTBLANK('Dimensions'!G161)>0),"",'Dimensions'!G149-'Dimensions'!G161) -> -10414 | E29: =IF(COUNTBLANK(D29)>0,"",D29/1000) -> -10.414 | F29: P013, P142, P154 | G29: Centered plan grid | H29: Z dương về H/I. Không có trục F / Positive toward H/I. No F axis
A30: Z | B30: C | C30: =IF(OR(COUNTBLANK('Dimensions'!G21)>0),"",'Dimensions'!G21) -> 3054 | D30: =IF(OR(COUNTBLANK('Dimensions'!G150)>0,COUNTBLANK('Dimensions'!G161)>0),"",'Dimensions'!G150-'Dimensions'!G161) -> -7360 | E30: =IF(COUNTBLANK(D30)>0,"",D30/1000) -> -7.36 | F30: P014, P143, P154 | G30: Centered plan grid | H30: Z dương về H/I. Không có trục F / Positive toward H/I. No F axis
A31: Z | B31: D | C31: =IF(OR(COUNTBLANK('Dimensions'!G22)>0),"",'Dimensions'!G22) -> 3760 | D31: =IF(OR(COUNTBLANK('Dimensions'!G151)>0,COUNTBLANK('Dimensions'!G161)>0),"",'Dimensions'!G151-'Dimensions'!G161) -> -3600 | E31: =IF(COUNTBLANK(D31)>0,"",D31/1000) -> -3.6 | F31: P015, P144, P154 | G31: Centered plan grid | H31: Z dương về H/I. Không có trục F / Positive toward H/I. No F axis
A32: Z | B32: E | C32: =IF(OR(COUNTBLANK('Dimensions'!G23)>0),"",'Dimensions'!G23) -> 7200 | D32: =IF(OR(COUNTBLANK('Dimensions'!G152)>0,COUNTBLANK('Dimensions'!G161)>0),"",'Dimensions'!G152-'Dimensions'!G161) -> 3600 | E32: =IF(COUNTBLANK(D32)>0,"",D32/1000) -> 3.6 | F32: P016, P145, P154 | G32: Centered plan grid | H32: Z dương về H/I. Không có trục F / Positive toward H/I. No F axis
A33: Z | B33: G | C33: =IF(OR(COUNTBLANK('Dimensions'!G24)>0),"",'Dimensions'!G24) -> 3760 | D33: =IF(OR(COUNTBLANK('Dimensions'!G153)>0,COUNTBLANK('Dimensions'!G161)>0),"",'Dimensions'!G153-'Dimensions'!G161) -> 7360 | E33: =IF(COUNTBLANK(D33)>0,"",D33/1000) -> 7.36 | F33: P017, P146, P154 | G33: Centered plan grid | H33: Z dương về H/I. Không có trục F / Positive toward H/I. No F axis
A34: Z | B34: H | C34: =IF(OR(COUNTBLANK('Dimensions'!G25)>0),"",'Dimensions'!G25) -> 3054 | D34: =IF(OR(COUNTBLANK('Dimensions'!G154)>0,COUNTBLANK('Dimensions'!G161)>0),"",'Dimensions'!G154-'Dimensions'!G161) -> 10414 | E34: =IF(COUNTBLANK(D34)>0,"",D34/1000) -> 10.414 | F34: P018, P147, P154 | G34: Centered plan grid | H34: Z dương về H/I. Không có trục F / Positive toward H/I. No F axis
A35: Z | B35: I | C35: =IF(OR(COUNTBLANK('Dimensions'!G26)>0),"",'Dimensions'!G26) -> 2835 | D35: =IF(OR(COUNTBLANK('Dimensions'!G155)>0,COUNTBLANK('Dimensions'!G161)>0),"",'Dimensions'!G155-'Dimensions'!G161) -> 13249 | E35: =IF(COUNTBLANK(D35)>0,"",D35/1000) -> 13.249 | F35: P019, P148, P154 | G35: Centered plan grid | H35: Z dương về H/I. Không có trục F / Positive toward H/I. No F axis
A36: Y | B36: Front forecourt/entrance landing | D36: =IF(OR(COUNTBLANK('Dimensions'!G54)>0),"",'Dimensions'!G54) -> -480 | E36: =IF(COUNTBLANK(D36)>0,"",D36/1000) -> -0.48 | F36: P047 | G36: Printed elevation
A37: Y | B37: Side stair landings | D37: =IF(OR(COUNTBLANK('Dimensions'!G55)>0),"",'Dimensions'!G55) -> -320 | E37: =IF(COUNTBLANK(D37)>0,"",D37/1000) -> -0.32 | F37: P048 | G37: Printed elevation
A38: Y | B38: Sanctuary/altar platform | D38: 800 | E38: 0.8 | F38: P049 (PDF 750); DWG0378 | G38: Owner direction 24 Oct 2026 · CAD file 23 Oct 2026 | H38: CAD sections 25 and 45 draw the dais at +0.800 (800 mm dimension, platform lines). The PDF set and the CAD ground-plan label give +0.750 (P049, ISSUE-R04). The model uses +0.800 by owner direction.
A39: Y | B39: Upper rear side room | D39: 160 | E39: 0.16 | F39: P050 (PDF 150); DWG0373 | G39: Owner direction 24 Oct 2026 · CAD file 23 Oct 2026 | H39: CAD section 25 dimensions the side floor 160 mm. The PDF set and the CAD ground-plan labels give +0.150. The model uses +0.160 by owner direction.
A40: Y | B40: Central rear room | D40: =IF(OR(COUNTBLANK('Dimensions'!G58)>0),"",'Dimensions'!G58) -> 150 | E40: =IF(COUNTBLANK(D40)>0,"",D40/1000) -> 0.15 | F40: P051 | G40: Printed elevation
A41: Y | B41: Lower rear side room | D41: 160 | E41: 0.16 | F41: P052 (PDF 150); DWG0373 | G41: Owner direction 24 Oct 2026 · CAD file 23 Oct 2026 | H41: CAD section 25 dimensions the side floor 160 mm. The PDF set and the CAD ground-plan labels give +0.150. The model uses +0.160 by owner direction.
A42: Y | B42: Courtyard grade | D42: =IF(OR(COUNTBLANK('Dimensions'!G221)>0),"",'Dimensions'!G221) -> -2080 | E42: =IF(COUNTBLANK(D42)>0,"",D42/1000) -> -2.08 | F42: E001 | G42: Printed elevation | H42: Same levels also shown on sheet 2. The drawing titles the twin-tower end MẶT ĐỨNG CUỐI.
A43: Y | B43: Floor datum | D43: =IF(OR(COUNTBLANK('Dimensions'!G222)>0),"",'Dimensions'!G222) -> 0 | E43: =IF(COUNTBLANK(D43)>0,"",D43/1000) -> 0 | F43: E002 | G43: Printed elevation | H43: Same levels also shown on sheet 2. The drawing titles the twin-tower end MẶT ĐỨNG CUỐI.
A44: Y | B44: Tower base-stage upper level | D44: =IF(OR(COUNTBLANK('Dimensions'!G223)>0),"",'Dimensions'!G223) -> 8390 | E44: =IF(COUNTBLANK(D44)>0,"",D44/1000) -> 8.39 | F44: E003 | G44: Printed elevation | H44: Same levels also shown on sheet 2. The drawing titles the twin-tower end MẶT ĐỨNG CUỐI.
A45: Y | B45: First upper tower stage level | D45: =IF(OR(COUNTBLANK('Dimensions'!G224)>0),"",'Dimensions'!G224) -> 15840 | E45: =IF(COUNTBLANK(D45)>0,"",D45/1000) -> 15.84 | F45: E004 | G45: Printed elevation | H45: Same levels also shown on sheet 2. The drawing titles the twin-tower end MẶT ĐỨNG CUỐI.
A46: Y | B46: Second upper tower stage level | D46: =IF(OR(COUNTBLANK('Dimensions'!G225)>0),"",'Dimensions'!G225) -> 23140 | E46: =IF(COUNTBLANK(D46)>0,"",D46/1000) -> 23.14 | F46: E005 | G46: Printed elevation | H46: Same levels also shown on sheet 2. The drawing titles the twin-tower end MẶT ĐỨNG CUỐI.
A47: Y | B47: Tower curved-cap base level | D47: =IF(OR(COUNTBLANK('Dimensions'!G226)>0),"",'Dimensions'!G226) -> 29090 | E47: =IF(COUNTBLANK(D47)>0,"",D47/1000) -> 29.09 | F47: E006 | G47: Printed elevation | H47: Same levels also shown on sheet 2. The drawing titles the twin-tower end MẶT ĐỨNG CUỐI.
A48: Y | B48: Tower cross top | D48: =IF(OR(COUNTBLANK('Dimensions'!G227)>0),"",'Dimensions'!G227) -> 36920 | E48: =IF(COUNTBLANK(D48)>0,"",D48/1000) -> 36.92 | F48: E007 | G48: Printed elevation | H48: Same levels also shown on sheet 2. The drawing titles the twin-tower end MẶT ĐỨNG CUỐI.
A49: Y | B49: Eaves/cornice reference | D49: =IF(OR(COUNTBLANK('Dimensions'!G267)>0),"",'Dimensions'!G267) -> 6324 | E49: =IF(COUNTBLANK(D49)>0,"",D49/1000) -> 6.324 | F49: E047 | G49: Printed elevation | H49: Also explicitly labeled on sheet 3. Match exact architectural witness on original drawing; no decorative geometry inferred from level alone.
A50: Y | B50: Opposite-end intermediate facade reference | D50: =IF(OR(COUNTBLANK('Dimensions'!G268)>0),"",'Dimensions'!G268) -> 8575 | E50: =IF(COUNTBLANK(D50)>0,"",D50/1000) -> 8.575 | F50: E048 | G50: Printed elevation | H50: Also explicitly labeled on sheet 3. Match exact architectural witness on original drawing; no decorative geometry inferred from level alone.
A51: Y | B51: Main roof ridge/reference | D51: =IF(OR(COUNTBLANK('Dimensions'!G269)>0),"",'Dimensions'!G269) -> 12472 | E51: =IF(COUNTBLANK(D51)>0,"",D51/1000) -> 12.472 | F51: E049 | G51: Printed elevation | H51: Also explicitly labeled on sheet 3. Match exact architectural witness on original drawing; no decorative geometry inferred from level alone.
A52: Y | B52: Opposite-end cross top | D52: =IF(OR(COUNTBLANK('Dimensions'!G270)>0),"",'Dimensions'!G270) -> 17829 | E52: =IF(COUNTBLANK(D52)>0,"",D52/1000) -> 17.829 | F52: E050 | G52: Printed elevation | H52: Also explicitly labeled on sheet 3. Match exact architectural witness on original drawing; no decorative geometry inferred from level alone.
A53: Y | B53: Front facade upper side recess | D53: =IF(OR(COUNTBLANK('Dimensions'!G213)>0),"",'Dimensions'!G213) -> 9530 | E53: =IF(COUNTBLANK(D53)>0,"",D53/1000) -> 9.53 | F53: P206 | G53: Printed elevation | H53: Local facade/tower deck level, not the main roof ridge elevation.
A54: Y | B54: Front central facade zone | D54: =IF(OR(COUNTBLANK('Dimensions'!G215)>0),"",'Dimensions'!G215) -> 11030 | E54: =IF(COUNTBLANK(D54)>0,"",D54/1000) -> 11.03 | F54: P208 | G54: Printed elevation | H54: Local facade/tower deck level, not the main roof ridge elevation.
A55: Y | B55: Upper roof reference (section) | D55: =IF(OR(COUNTBLANK('Dimensions'!G307)>0),"",'Dimensions'!G307) -> 7130 | E55: =IF(COUNTBLANK(D55)>0,"",D55/1000) -> 7.13 | F55: S002 | G55: Printed elevation | H55: Dimension is preserved as printed. +7.13 reference is a level marker near the main-roof eave; detailed contact surfaces need CAD confirmation.
A56: Y | B56: Exterior cornice (section) | D56: =IF(OR(COUNTBLANK('Dimensions'!G308)>0),"",'Dimensions'!G308) -> 6325 | E56: =IF(COUNTBLANK(D56)>0,"",D56/1000) -> 6.325 | F56: S003 | G56: Printed elevation
A57: Y | B57: Tower cap shoulder elevation from chain | D57: =IF(OR(COUNTBLANK('Dimensions'!G304)>0),"",'Dimensions'!G304) -> 33215 | E57: =IF(COUNTBLANK(D57)>0,"",D57/1000) -> 33.215 | F57: E084 | G57: Derived level | H57: Dependent on explicit chain; 1 mm top closure discrepancy is unresolved.
A58: Y | B58: Tower cross-base elevation from chain | D58: =IF(OR(COUNTBLANK('Dimensions'!G305)>0),"",'Dimensions'!G305) -> 35029 | E58: =IF(COUNTBLANK(D58)>0,"",D58/1000) -> 35.029 | F58: E085 | G58: Derived level | H58: Dependent on explicit chain; 1 mm top closure discrepancy is unresolved.

Sheet Open items
A2: KÍCH THƯỚC CẦN XÁC NHẬN / OPEN DIMENSIONS
A4: Giữ nguyên các số ghi khác nhau. Ghi câu trả lời và nguồn mới ở hai cột cuối. / Preserve differing source values.
A7: Mã / ID | B7: Vấn đề / Issue | C7: Bằng chứng / Evidence | D7: Mã nguồn / Source IDs | E7: Chênh (mm) | F7: Trạng thái / Status | G7: Thông tin cần bổ sung / Required information | H7: Giá trị xác nhận (mm) | I7: Nguồn xác nhận / New reference
A8: ISSUE-P01 | B8: Hai chiều dài tổng của mặt bằng mái / Roof overall lengths | C8: Roof same-sheet overall54794 at top versus54736 at bottom, difference58mm. | D8: P173, P174 | E8: =IF(OR(COUNTBLANK('Dimensions'!G181)>0,COUNTBLANK('Dimensions'!G180)>0),"",'Dimensions'!G181-'Dimensions'!G180) -> 58 | F8: Chưa xác nhận / Open | G8: Xác định mốc đầu/cuối cho chuỗi trên và dưới. / Confirm endpoints of both roof chains.
A9: ISSUE-P02 | B9: Chuỗi cửa gian 2′–3 lệch 10 mm / First opening-bay chain | C9: First lower nave-opening bay printed1135+2250+1125 gives4510 against4500 axis spacing. | D9: P084, P085, P086, P003 | E9: =IF(OR(COUNTBLANK('Dimensions'!G91)>0,COUNTBLANK('Dimensions'!G92)>0,COUNTBLANK('Dimensions'!G93)>0,COUNTBLANK('Dimensions'!G10)>0),"",'Dimensions'!G91+'Dimensions'!G92+'Dimensions'!G93-'Dimensions'!G10) -> 10 | F9: Chưa xác nhận / Open | G9: Xác nhận số 1,135 hoặc các mốc cửa. / Confirm 1,135 or the opening witnesses.
A10: ISSUE-P03 | B10: Biên ngoài cánh nhà / Side-wing outer envelope | C10: Wing envelope28158 differs1mm from26498 axis span plus main-body end margins832+829; wing-specific edge geometry must govern. | D10: P152, P023, P024, P027 | E10: =IF(OR(COUNTBLANK('Dimensions'!G159)>0,COUNTBLANK('Dimensions'!G30)>0,COUNTBLANK('Dimensions'!G31)>0,COUNTBLANK('Dimensions'!G34)>0),"",'Dimensions'!G159+'Dimensions'!G30+'Dimensions'!G31-'Dimensions'!G34) -> 1 | F10: Chưa xác nhận / Open | G10: Cần mốc biên riêng của cánh. / Obtain wing-specific edge offsets.
A11: ISSUE-P04 | B11: Đối chiếu các tờ bản vẽ / Drawing-to-drawing comparison | C11: Resolve drawing-to-drawing differences using the current coordinated revision. Keep each reported dimension tied to its own endpoints. | D11: Files 4–5 | F11: Chưa xác nhận / Open | G11: Xác nhận bộ bản vẽ cùng phiên bản. / Confirm the coordinated drawing revision.
A12: ISSUE-P05 | B12: Nhận dạng hình chữ nhật cung thánh / Sanctuary rectangle identity | C12: Unlabeled sanctuary-front rectangular feature has explicit1900×870mm dimensions but may be a step detail; do not assume it is an altar table. | D12: P115, P123 | F12: Chưa xác nhận / Open | G12: Xác nhận đây là bậc, đồ nội thất hay cấu kiện khác. / Identify the rectangular feature.
A13: EI01 | B13: Chuỗi đỉnh tháp lệch 1 mm / Tower-cap closure | C13: 4125+1814+1892 = 7831; 36920-29090 = 7830 Cap segment closure is 1 mm greater than overall datum difference. Preserve printed inputs and flag; do not silently move cross top or change a segment. | D13: E006, E007, E013, E014, E015 | E13: =IF(OR(COUNTBLANK('Dimensions'!G233)>0,COUNTBLANK('Dimensions'!G234)>0,COUNTBLANK('Dimensions'!G235)>0,COUNTBLANK('Dimensions'!G227)>0,COUNTBLANK('Dimensions'!G226)>0),"",'Dimensions'!G233+'Dimensions'!G234+'Dimensions'!G235-('Dimensions'!G227-'Dimensions'!G226)) -> 1 | F13: Chưa xác nhận / Open | G13: Xác nhận chuỗi đỉnh tháp hoặc cốt thánh giá. / Confirm cap segments or cross level.
A14: EI02 | B14: Chuỗi mặt đứng trung tâm lệch 1 mm / Central facade closure | C14: 621+5959+621 = 7201 versus grid E-D = 7200 Central facade subdimension closure differs by 1 mm. Preserve values and flag; do not silently use 5958 in place of printed 5959. | D14: E021, E029, E030, E031 | E14: =IF(OR(COUNTBLANK('Dimensions'!G249)>0,COUNTBLANK('Dimensions'!G250)>0,COUNTBLANK('Dimensions'!G251)>0,COUNTBLANK('Dimensions'!G241)>0),"",'Dimensions'!G249+'Dimensions'!G250+'Dimensions'!G251-'Dimensions'!G241) -> 1 | F14: Chưa xác nhận / Open | G14: Xác nhận 5,959 mm và hai khoảng 621 mm. / Confirm 5,959 and the two 621 mm offsets.
A15: RFI-S01 | B15: Tổng cao mặt cắt lệch 76 mm / Section overall height | C15: Both section sheets label ridge +12.472 m and courtyard −2.08 m, giving14552 mm; overall dimension14476 mm differs76 mm. Obtain corrected level/overall dimension from designer. | D15: S001, S005, S006, S143 | E15: =IF(OR(COUNTBLANK('Dimensions'!G448)>0,COUNTBLANK('Dimensions'!G311)>0),"",'Dimensions'!G448-'Dimensions'!G311) -> 76 | F15: Chưa xác nhận / Open | G15: Xác nhận cốt sân, cốt nóc và tổng cao. / Resolve the level and overall-height conflict.
A16: RFI-S02 | B16: Cao độ phào ngoài lệch 1 mm / Exterior cornice level | C16: Section +6.325 m and exterior detail chain6325 mm conflict with overall6324 mm on printed sheets12/13. | D16: S003, S088, S148 | E16: =IF(OR(COUNTBLANK('Dimensions'!G453)>0,COUNTBLANK('Dimensions'!G393)>0),"",'Dimensions'!G453-'Dimensions'!G393) -> 1 | F16: Chưa xác nhận / Open | G16: Xác nhận 6,324 hoặc 6,325 mm theo mốc. / Confirm cornice level and witness.
A17: RFI-S03 | B17: Chuỗi cửa cung thánh lệch 1 mm / Sanctuary doorway chain | C17: Printed2554+396=2950 mm, while aligned right-side dimension is2951 mm. Verify reference surfaces/tolerance. | D17: S074, S075, S076 | E17: =IF(OR(COUNTBLANK('Dimensions'!G381)>0,COUNTBLANK('Dimensions'!G379)>0,COUNTBLANK('Dimensions'!G380)>0),"",'Dimensions'!G381-'Dimensions'!G379-'Dimensions'!G380) -> 1 | F17: Chưa xác nhận / Open | G17: Xác nhận các mặt chuẩn của chuỗi cửa. / Confirm doorway reference surfaces.
A18: RFI-S04 | B18: Vòm cửa trong và ngoài lệch 70 mm / Inner and outer door heads | C18: Exterior doorway springline3101+rise1140 gives4241 mm; interior doorway2951+band220+rise1140 gives4311 mm. Clarify70 mm offset and wall locations before modeling a shared opening. | D18: S124, S125, S130, S131, S132, S153, S154 | E18: =IF(OR(COUNTBLANK('Dimensions'!G459)>0,COUNTBLANK('Dimensions'!G458)>0),"",'Dimensions'!G459-'Dimensions'!G458) -> 70 | F18: Chưa xác nhận / Open | G18: Xác nhận hai lớp tường và độ lệch vòm. / Confirm wall planes and arch offset.
A19: RFI-S05 | B19: Độ dốc và kết cấu mái / Roof pitch and structure | C19: Roof form and material notes are supplied, but no pitch angle, purlin spacing/section, truss joints, tile thickness, roof overhang dimensions, or complete support contact elevations are given in these four sheets. Need roof framing/details or CAD geometry. | D19: P212, S002, S023, S081 | F19: Chưa xác nhận / Open | G19: Bổ sung chi tiết hoặc hình học CAD tương ứng. / Supply the relevant dimensioned detail or CAD geometry.
A20: RFI-S06 | B20: Đường cong và hoa văn / Curves and ornaments | C20: Arch bounding widths/rises exist, but radii/centres, curve control points, molding widths/depths, column flutes/capitals, rosette outer diameter/thickness, finial cross-sections and ornamental relief depths are absent. Use original DWG/DXF curves or architect-approved tracing, tagged traced not exact. | D20: Files 6–9 | F20: Chưa xác nhận / Open | G20: Bổ sung chi tiết hoặc hình học CAD tương ứng. / Supply the relevant dimensioned detail or CAD geometry.
A21: RFI-S07 | B21: Tiết diện cột và móng / Column and footing sections | C21: Shown foundation offsets are not column shaft sizes; exact post cross-sections, taper, footing depth, concrete grades and reinforcing details are absent from these architectural sections. | D21: Files 6–9 | F21: Chưa xác nhận / Open | G21: Bổ sung chi tiết hoặc hình học CAD tương ứng. / Supply the relevant dimensioned detail or CAD geometry.
A22: RFI-S08 | B22: Chiều dày lớp hoàn thiện / Finish thicknesses | C22: Concrete floor slab8 cm, veranda roof RC13 cm and material descriptions exist, but natural-stone thickness, sand-fill depth, waterproofing, roof-tile thickness and finish buildup are unspecified. | D22: S045, S080, S081 | F22: Chưa xác nhận / Open | G22: Bổ sung chi tiết hoặc hình học CAD tương ứng. / Supply the relevant dimensioned detail or CAD geometry.
A23: RFI-S09 | B23: Bậc cung thánh và đồ phụng vụ / Sanctuary steps and furniture | C23: Dais elevations are supplied; stair width/run/treads, altar dimensions/location, liturgical furniture and detailed handrails are not dimensioned in these four sheets. | D23: Files 6–9 | F23: Chưa xác nhận / Open | G23: Bổ sung chi tiết hoặc hình học CAD tương ứng. / Supply the relevant dimensioned detail or CAD geometry.
A24: RFI-S10 | B24: Phân biệt hai lớp cửa sổ / Inner and outer window identity | C24: Printed sheet12 exterior is a pair of1000-wide openings with850 sill; interior is one2250-wide opening with650 sill. They correspond to different wall/arcade planes. Do not fuse them into one window without plan confirmation. | D24: S084, S086, S091, S103, S105 | F24: Chưa xác nhận / Open | G24: Bổ sung chi tiết hoặc hình học CAD tương ứng. / Supply the relevant dimensioned detail or CAD geometry.
A25: ISSUE-C01 | B25: Khác biệt chiều dài mặt bằng và mặt đứng / Plan and elevation length | C25: Floor overall67064 and side-elevation67149 differ85mm; the printed/derived endpoint differences are−25mm at approach and+110mm at far end. Geometry/revision intent is not confirmed. Preserve both source chains. | D25: P021, E065, P020, E051, P155, E064 | E25: =IF(OR(COUNTBLANK('Dimensions'!G285)>0,COUNTBLANK('Dimensions'!G28)>0),"",'Dimensions'!G285-'Dimensions'!G28) -> 85 | F25: Chưa xác nhận / Open | G25: Xác nhận hai mốc biên và phiên bản bản vẽ. / Confirm extent witnesses and drawing revision.
A26: ISSUE-C02 | B26: Cao độ nóc mái cánh / Side-wing ridge heights | C26: Main ridge/reference+12.472m is confirmed by other sheets. No exact side-wing ridge height is supplied. Do not assign the main ridge height to the short side-wing ridges. | D26: P212 | F26: Chưa xác nhận / Open | G26: Cần cao độ nóc riêng cho từng cánh. / Supply each side-wing ridge level.
A27: ISSUE-C03 | B27: Giả thiết đối xứng mặt cắt / Section symmetry assumption | C27: 780mm symmetric offset is derived from section widths. Equality of two offsets is an explicit assumption, not independent measurements and not a replacement for differing ground-plan/elevation projections. | D27: S137 | F27: Giả thiết / Assumption | G27: Xác nhận hai biên có đối xứng hay không. / Confirm whether the section edges are symmetric.
A28: ISSUE-C04 | B28: Gán loại cửa vào mặt bằng / Map opening details to locations | C28: Files8/9 provide heights for selected opening types. Exterior paired1000mm openings and inner2250mm openings belong to different facade/arcade planes. Map detail types to exact plan instances; preserve70mm interior/exterior crown difference and unknown curve radii. | D28: P213, S105, S124, S130, S150, S151, S153, S154 | F28: Còn một phần / Partial | G28: Cần mã loại cửa và vị trí từng cửa. / Map detail types to opening instances.
A29: ISSUE-C05 | B29: Khác biệt bề ngang theo mốc đo / Widths by source witness | C29: Floor main exterior22489, opposite elevation22486, and section exterior22388 are different printed dimensions. Do not force these to one dimension without architectural witness confirmation. | D29: P026, E078, S012 | F29: Chưa xác nhận / Open | G29: Xác nhận mốc tường, phào và biên mái. / Confirm wall, molding and roof witnesses.
A30: ISSUE-R01 | B30: Bộ bản vẽ hiện hành / Which drawing revision governs | C30: The CAD file received 24 Oct 2026 (AutoCAD 2007 DWG, created 2011, last saved 23 Oct 2026) numbers its sheets 1–47 and adds a longitudinal section, a +6.324/+8.390 m plan, tower plans, side-wing end elevations, arch-frame details and a tower elevation. Its grid and tower levels agree with the PDFs, but its central facade, sanctuary section and plan dimensioning differ. It has no roof plan. | D30: Source file 10; Files 1–9 | F30: USER CONFIRMED - project design basis; construction issue remains ENGINEERING HOLD | G30: Owner direction, 26 October 2026: use the DWG saved 23 October 2026 as the project design standard. Retain older PDF evidence and unresolved internal conflicts. Responsible designer to issue coordinated construction drawings. | I30: Owner instruction in project chat, 2026-10-26; same DWG SHA-256 as source file 10 (sheets.json).
A31: ISSUE-R02 | B31: Mặt giữa hai tháp / Central facade between the towers | C31: DWG sheet 1 (variant A cut through the nave roof, variant B full elevation) shows one pedimented arched niche with a cross, flanked by crested parapets with fleur-de-lis cresting, two smaller arched niches and a triple-arched window under a rose above the main door. PDF sheet 1 shows a taller screen of three pinnacled gables, which the model followed before the DWG facade adoption on 24 October 2026. Tower geometry and the central 7,200 mm bay are the same. | D31: File 1; source file 10 sheet 1 | F31: Chưa xác nhận / Open | G31: Xác nhận mặt giữa sẽ xây và cung cấp cao độ các tầng trang trí. / Confirm which central facade is to be built and provide its heights.
A32: ISSUE-R03 | B32: Chiều cao mặt cắt cung thánh / Sanctuary section heights | C32: DWG sheet 25 against PDF sheet 5: side-aisle opening chain 160 / 2,544 / 466 / 4,392 against 150 / 2,554 / 396 / 4,462 (both 7,562); inner heights 6,231 and 8,525 against 6,301 and 8,452; right-side opening reference 3,171 (3,170.5) against 2,951. | D32: S074, S075, S076; source file 10 sheet 25 | E32: 70 | F32: Chưa xác nhận / Open | G32: Xác nhận bản mặt cắt cung thánh hiện hành. / Confirm the current sanctuary section.
A33: ISSUE-R04 | B33: Cao độ bục cung thánh / Sanctuary platform level | C33: DWG section 25 dimensions the sanctuary platform 800 mm above the nave floor, with column bases 200 mm above it. The DWG ground plan still labels +0.75 m, as do the PDF plan and section. | D33: P049; source file 10 sheets 5 and 25 | E33: 50 | F33: Chưa xác nhận / Open | G33: Xác nhận +0,75 hay +0,80 m. / Confirm +0.75 m or +0.80 m.
A34: ISSUE-R05 | B34: Nóc mái vẽ và ghi khác nhau / Drawn and labelled ridge differ | C34: The main ridge line is drawn at +12.396 m in DWG sections 24/25 and the side elevation, while every label reads +12.472 m and section A-A draws its ridge at +12.472 m. The 14,476 overall on the sections equals 2,080 + 12,396. Explains RFI-S01; the 76 mm may be a ridge cap. | D34: E049, S001, S006; source file 10 sheets 24, 25, 45 | E34: 76 | F34: Chưa xác nhận / Open | G34: Xác nhận +12,472 là đỉnh ngói nóc hay đỉnh vì kèo. / Confirm whether +12.472 m is the ridge-cap top or the roof apex.
A35: ISSUE-R06 | B35: Đơn vị hình học và đơn vị chèn trong DWG | C35: DWG gốc và DXF mới đều có INSUNITS=1 (inch, đơn vị chèn). Chuỗi trục 4500/7200 và các nhãn cao độ theo m phù hợp cách hiểu hình học mm của mô hình; đây là diễn giải từ bản vẽ, chưa phải xác nhận đơn vị của người thiết kế. Không tự nhân hoặc chia tọa độ theo 25,4. | D35: Tệp CAD nguồn 10; 726 đối tượng kích thước; 137 mốc trục | F35: Chưa xác nhận / ENGINEERING HOLD | G35: Người thiết kế mở DWG trong AutoCAD/ODA, xác nhận đơn vị hình học, tỷ lệ chèn, đơn vị ghi kích thước và phát hành hồ sơ thi công thống nhất. | I35: Kiểm tra trực tiếp 26/10/2026; Autodesk INSUNITS; review/dwg-vietnamese-23102026/kiem-tra-so-lieu.json

Sheet Sources
A2: NGUỒN BẢN VẼ / DRAWING SOURCES
A4: Số cuối tên file khác số tờ in trên bản vẽ. / The filename suffix and printed sheet number are different.
A7: File | B7: Tờ in / Printed sheet | C7: Nội dung / Drawing | D7: Tên file gốc / Original filename | E7: Trang PDF / Page
A8: 1 | B8: 1 | C8: MẶT ĐỨNG CUỐI Twin-tower end | D8: MẶT BẰNG NHÀ THỜ GIÁO XỨ THẠCH BI-Model.pdf 1.pdf | E8: 1
A9: 2 | B9: 2 | C9: MẶT ĐỨNG HAI BÊN Both side elevations | D9: MẶT BẰNG NHÀ THỜ GIÁO XỨ THẠCH BI-Model.pdf 2.pdf | E9: 1
A10: 3 | B10: 3 | C10: MẶT ĐỨNG ĐẦU Opposite gabled end | D10: MẶT BẰNG NHÀ THỜ GIÁO XỨ THẠCH BI-Model.pdf 3.pdf | E10: 1
A11: 4 | B11: 6 | C11: MẶT BẰNG +00 Ground-floor plan | D11: MẶT BẰNG NHÀ THỜ GIÁO XỨ THẠCH BI-Model.pdf 4.pdf | E11: 1
A12: 5 | B12: 11 | C12: MẶT BẰNG MÁI CHẢY Roof plan | D12: MẶT BẰNG NHÀ THỜ GIÁO XỨ THẠCH BI-Model.pdf 5.pdf | E12: 1
A13: 6 | B13: 4 | C13: Mặt cắt thân nhà thờ Nave transverse section | D13: MẶT BẰNG NHÀ THỜ GIÁO XỨ THẠCH BI-Model.pdf 6.pdf | E13: 1
A14: 7 | B14: 5 | C14: Mặt cắt cung thánh Sanctuary transverse section | D14: MẶT BẰNG NHÀ THỜ GIÁO XỨ THẠCH BI-Model.pdf 7.pdf | E14: 1
A15: 8 | B15: 12 | C15: Chi tiết cửa sổ, cột và đỉnh Window, pilaster and finial details | D15: MẶT BẰNG NHÀ THỜ GIÁO XỨ THẠCH BI-Model.pdf 8.pdf | E15: 1
A16: 9 | B16: 13 | C16: Chi tiết cửa đi Doorway bay details | D16: MẶT BẰNG NHÀ THỜ GIÁO XỨ THẠCH BI-Model.pdf 9.pdf | E16: 1
A17: 10 | B17: 1, 3, 5, 14, 24–34, 45–47 | C17: Bộ bản vẽ CAD (DWG), lưu 23/10/2026 CAD drawing set (DWG), saved 2026-10-23 | D17: MẶT BẰNG NHÀ THỜ GIÁO XỨ THẠCH BI.dwg A.dwg | E17: —
A21: QUY ƯỚC MÔ HÌNH / MODEL CONVENTIONS
A23: Đơn vị / Units | C23: 1 Three.js unit = 1 m. Cột mm và m được tính từ trị số gốc. / mm and m columns calculate from the original source value.
A24: Trục X / X | C24: Dọc nhà: trục 1 = 0; chiều dương về trục 12. / Longitudinal: axis 1 = 0, positive toward axis 12.
A25: Trục Y / Y | C25: Chiều cao: sàn gian chính ±0.000 = 0; chiều dương lên trên. / Vertical: main floor = 0, positive upward.
A26: Trục Z / Z | C26: Ngang nhà: trung điểm D–E = 0; chiều dương về G/H/I. / Transverse: midpoint D–E = 0, positive toward G/H/I.
A27: Trục gốc / Axes | C27: Mặt cắt gốc: X → Z mô hình; Y → Y; Z → X. NORMAL là độ dày theo pháp tuyến cục bộ. / Source section axes are remapped.
A28: Tọa độ / Coords | C28: P141–P148 giữ gốc A. Model grid trừ P154 = 13,249 mm để đặt gốc Z tại D–E. / Source A-based coordinates remain intact.
A29: Ô trống / Blank | C29: Chưa có kích thước thì để trống. Số 0 chỉ dùng cho cốt hoặc kết quả bằng 0. / Missing values are not filled with zero.
A30: Khác biệt / Gaps | C30: Giữ riêng các kích thước theo mốc của từng tờ. Xem Open items để xác nhận. / Distinct source witnesses stay separate.
A31: Hình học / Shape | C31: Bán kính vòm, tiết diện trang trí và vài cao độ giao mái còn thiếu. / Some curve, profile and roof-junction dimensions are absent.
A32: Màu sắc / Finish | C32: Các tờ kiến trúc đơn sắc chưa xác định màu sơn, mái hay chóp tháp. / Finish colors are not specified in these drawings.
A33: Phương vị / CRS | C33: Chưa có hướng Bắc, hệ tọa độ địa lý hoặc mốc khảo sát. / No north bearing, geographic CRS or surveyed origin is provided.

Sheet DWG sheets
A2: BẢN VẼ CAD 23/10/2026 / CAD DRAWINGS 2026-10-23
A4: Phiên bản 23102026. 726 kích thước thuộc 27 bản vẽ. Đơn vị mm suy từ chuỗi kích thước và nhãn m; INSUNITS gốc = 1 (inch, đơn vị chèn). Cần người thiết kế xác nhận đơn vị. Số ghi lấy trực tiếp từ chữ số lưu trong CAD. Không dùng để thi công.
A7: Mã / ID | B7: Tờ DWG / DWG sheet | C7: Nhóm / Category | D7: Tiêu đề / Title (VI) | E7: Title (EN) | F7: Trục mô hình / Model axes | G7: PDF tương ứng / Register file | H7: Số kích thước / Dimension objects | I7: Ảnh (không commit) / Image (not committed)
A8: P05 | B8: 5 | C8: plans | D8: MẶT BẰNG +00 NHÀ THỜ GIÁO XỨ THẠCH BI | E8: Ground-floor plan +0.00 | F8: X/Z | G8: 4 | H8: 22 | I8: images/01-plans/P05_ground-floor-plan-0-00.png
A9: P14 | B9: 14 | C9: plans | D9: MẶT BẰNG +6,324m THÂN VÀ +8,390m CUỐI - CÂY THÁP NHÀ THỜ | E9: Plan at +6.324 m (body) and +8.390 m (tower end) | F9: X/Z | G9: — | H9: 16 | I9: images/01-plans/P14_plan-at-6-324-m-body-and-8-390-m-tower-end.png
A10: PT08 | B10: — | C10: plans | D10: MẶT BẰNG KIẾN TRÚC +8,390M ĐỐT MỘT CÂY THÁP | E10: Tower plan at +8.390 m (first tower stage) | F10: u/v | G10: — | H10: 4 | I10: images/01-plans/PT08_tower-plan-at-8-390-m-first-tower-stage.png
A11: PT10 | B11: — | C11: plans | D11: MẶT BẰNG KIẾN TRÚC CUỐI NHÀ THỜ +10,128M | E11: Tower-end plan at +10.128 m | F11: u/v | G11: — | H11: 0 | I11: images/01-plans/PT10_tower-end-plan-at-10-128-m.png
A12: PT15 | B12: — | C12: plans | D12: MẶT BẰNG KIẾN TRÚC CUỐI NHÀ THỜ +15,840M | E12: Tower-end plan at +15.840 m | F12: u/v | G12: — | H12: 0 | I12: images/01-plans/PT15_tower-end-plan-at-15-840-m.png
A13: PT15A | B13: — | C13: plans | D13: MẶT BẰNG +15,84M NHÀ THỜ GX THẠCH BI | E13: Single-tower plan at +15.84 m | F13: u/v | G13: — | H13: 2 | I13: images/01-plans/PT15A_single-tower-plan-at-15-84-m.png
A14: PT23 | B14: — | C14: plans | D14: MẶT BẰNG +23,14M NHÀ THỜ GX THẠCH BI | E14: Single-tower plan at +23.14 m | F14: u/v | G14: — | H14: 0 | I14: images/01-plans/PT23_single-tower-plan-at-23-14-m.png
A15: PT29 | B15: — | C15: plans | D15: MẶT BẰNG +29,09M NHÀ THỜ GX THẠCH BI | E15: Single-tower plan at +29.09 m | F15: u/v | G15: — | H15: 0 | I15: images/01-plans/PT29_single-tower-plan-at-29-09-m.png
A16: P28 | B16: 28 | C16: plans | D16: MẶT BẰNG MỘT GIAN CỬA SỔ | E16: Plan of one window bay | F16: u/v | G16: 8 | H16: 74 | I16: images/01-plans/P28_plan-of-one-window-bay.png
A17: P33 | B17: 33 | C17: plans | D17: (không có tiêu đề) Mặt bằng một gian trục 4–5, cửa đi | E17: Plan of one doorway bay, axes 4–5 (no title) | F17: u/v | G17: 9 | H17: 53 | I17: images/01-plans/P33_plan-of-one-doorway-bay-axes-4-5-no-title.png
A18: E01A | B18: 1 | C18: elevations | D18: MẶT ĐỨNG CUỐI NHÀ THỜ GIÁO XỨ THẠCH BI (bản A, cắt qua mái thân) | E18: Twin-tower end elevation, variant A (cut through the nave roof) | F18: Z/Y | G18: 1 | H18: 23 | I18: images/02-elevations/E01A_twin-tower-end-elevation-variant-a-cut-through-the-nave-roof.png
A19: E01B | B19: 1 | C19: elevations | D19: MẶT ĐỨNG CUỐI NHÀ THỜ GIÁO XỨ THẠCH BI (bản B, mặt đứng đầy đủ) | E19: Twin-tower end elevation, variant B (full elevation) | F19: Z/Y | G19: 1 | H19: 36 | I19: images/02-elevations/E01B_twin-tower-end-elevation-variant-b-full-elevation.png
... A34: D47 | B34: 47 | C34: details | D34: CHI TIẾT MẶT VÌ CUỐN BT CT HAI BÊN CÁNH TG TRỤC C-C, G-G | E34: Reinforced-concrete arch frame, side wings on axes C and G | F34: u/v | G34: — | H34: 15 | I34: images/04-details/D47_reinforced-concrete-arch-frame-side-wings-on-axes-c-and-g.png

Sheet DWG dimensions
A2: KÍCH THƯỚC TRONG FILE CAD / CAD DIMENSION OBJECTS
A4: a/b là hai điểm đo theo trục mô hình của từng bản vẽ (mm). / a and b are the two measuring points in each drawing's model axes (mm). Same-value register IDs are candidates by value only, not confirmed witnesses.
A7: Mã / ID | B7: Bản vẽ / Drawing | C7: Tờ DWG / Sheet | D7: Loại / Kind | E7: Đo được (mm) / Measured | F7: Số in (mm) / Displayed | G7: Trục / Axes | H7: a1 | I7: a2 | J7: b1 | K7: b2 | L7: PDF file | M7: Mã cùng trị số / Same-value register IDs | N7: Handle
A8: DWG0001 | B8: P05 | C8: 5 | D8: horizontal | E8: 67063.6 | F8: 67064 | G8: X/Z | H8: -13218.6 | I8: -14822.8 | J8: 53845 | K8: -14822.8 | L8: 4 | M8: P021 | N8: D7C2D8
A9: DWG0002 | B9: P05 | C9: 5 | D9: horizontal | E9: 12368.6 | F9: 12369 | G9: X/Z | H9: -12368.6 | I9: -13542 | J9: 0 | K9: -14308.8 | L9: 4 | N9: D9F943
A10: DWG0003 | B10: P05 | C10: 5 | D10: horizontal | E10: 7200 | F10: 7200 | G10: X/Z | H10: 36975 | I10: 15184.9 | J10: 44175 | K10: 15327.6 | L10: 4 | M10: P010 P016 P032 | N10: D7C47E
A11: DWG0004 | B11: P05 | C11: 5 | D11: horizontal | E11: 4500 | F11: 4500 | G11: X/Z | H11: 18975 | I11: 15327.6 | J11: 23475 | K11: 15327.6 | L11: 4 | M11: P003 P004 P005 P006 P007 P008 P009 P011 | N11: D7C476
A12: DWG0005 | B12: P05 | C12: 5 | D12: horizontal | E12: 4500 | F12: 4500 | G12: X/Z | H12: 23475 | I12: 15327.6 | J12: 27975 | K12: 15327.6 | L12: 4 | M12: P003 P004 P005 P006 P007 P008 P009 P011 | N12: D7C477
A13: DWG0006 | B13: P05 | C13: 5 | D13: horizontal | E13: 4500 | F13: 4500 | G13: X/Z | H13: 32475 | I13: 15327.6 | J13: 36975 | K13: 15184.9 | L13: 4 | M13: P003 P004 P005 P006 P007 P008 P009 P011 | N13: D7C47B
A14: DWG0007 | B14: P05 | C14: 5 | D14: horizontal | E14: 4500 | F14: 4500 | G14: X/Z | H14: 44175 | I14: 15327.6 | J14: 48675 | K14: 15327.6 | L14: 4 | M14: P003 P004 P005 P006 P007 P008 P009 P011 | N14: D7C481
A15: DWG0008 | B15: P05 | C15: 5 | D15: vertical | E15: 3054 | F15: 3054 | G15: X/Z | H15: -14997.6 | I15: 10414 | J15: -14538.8 | K15: 7360 | L15: 4 | M15: P014 P018 | N15: D7C495
A16: DWG0009 | B16: P05 | C16: 5 | D16: vertical | E16: 2835 | F16: 2835 | G16: X/Z | H16: -14997.6 | I16: 13249 | J16: -14997.6 | K16: 10414 | L16: 4 | M16: P013 P019 P142 | N16: D7C492
A17: DWG0010 | B17: P05 | C17: 5 | D17: vertical | E17: 2835 | F17: 2835 | G17: X/Z | H17: -14538.8 | I17: -10414 | J17: -14538.8 | K17: -13249 | L17: 4 | M17: P013 P019 P142 | N17: D7C49C
A18: DWG0011 | B18: P05 | C18: 5 | D18: vertical | E18: 3054 | F18: 3054 | G18: X/Z | H18: -14538.8 | I18: -7360 | J18: -14538.8 | K18: -10414 | L18: 4 | M18: P014 P018 | N18: D7C49B
A19: DWG0012 | B19: P05 | C19: 5 | D19: vertical | E19: 3760 | F19: 3760 | G19: X/Z | H19: -14538.8 | I19: -3600 | J19: -14538.8 | K19: -7360 | L19: 4 | M19: P015 P017 | N19: D7C49A
A20: DWG0013 | B20: P05 | C20: 5 | D20: vertical | E20: 3760 | F20: 3760 | G20: X/Z | H20: -14538.8 | I20: 7360 | J20: -14538.8 | K20: 3600 | L20: 4 | M20: P015 P017 | N20: D7C496
A21: DWG0014 | B21: P05 | C21: 5 | D21: vertical | E21: 646 | F21: 646 | G21: X/Z | H21: 2331.3 | I21: -12603 | J21: 2331.3 | K21: -13249 | L21: 4 | N21: D7C4AC
A22: DWG0015 | B22: P05 | C22: 5 | D22: vertical | E22: 2370.6 | F22: 2371 | G22: X/Z | H22: 3213.1 | I22: 2979.5 | J22: 2904.8 | K22: 5350 | L22: 4 | N22: D8000C
A23: DWG0016 | B23: P05 | C23: 5 | D23: vertical | E23: 343.4 | F23: 343 | G23: X/Z | H23: 3659.1 | I23: 7360 | J23: 3659 | K23: 7703.5 | L23: 4 | N23: D7C4A6
A24: DWG0017 | B24: P05 | C24: 5 | D24: vertical | E24: 10549 | F24: 10549 | G24: X/Z | H24: 53151 | I24: -10549 | J24: 53824.3 | K24: 0 | L24: 4 | N24: D7C4BE
A25: DWG0018 | B25: P05 | C25: 5 | D25: vertical | E25: 2835 | F25: 2835 | G25: X/Z | H25: 55520.5 | I25: -10414 | J25: 55520.5 | K25: -13249 | L25: 4 | M25: P013 P019 P142 | N25: D7C491
A26: DWG0019 | B26: P05 | C26: 5 | D26: vertical | E26: 3054 | F26: 3054 | G26: X/Z | H26: 55520.5 | I26: -7360 | J26: 55520.5 | K26: -10414 | L26: 4 | M26: P014 P018 | N26: D7C490
A27: DWG0020 | B27: P05 | C27: 5 | D27: vertical | E27: 3760 | F27: 3760 | G27: X/Z | H27: 55520.5 | I27: -3600 | J27: 55520.5 | K27: -7360 | L27: 4 | M27: P015 P017 | N27: D7C48F
A28: DWG0021 | B28: P05 | C28: 5 | D28: vertical | E28: 3054 | F28: 3054 | G28: X/Z | H28: 55520.5 | I28: 10414 | J28: 55520.5 | K28: 7360 | L28: 4 | M28: P014 P018 | N28: D7C488
A29: DWG0022 | B29: P05 | C29: 5 | D29: vertical | E29: 2835 | F29: 2835 | G29: X/Z | H29: 55520.5 | I29: 13249 | J29: 55520.5 | K29: 10414 | L29: 4 | M29: P013 P019 P142 | N29: D7C485
A30: DWG0023 | B30: P14 | C30: 14 | D30: horizontal | E30: 575 | F30: 575 | G30: X/Z | H30: 4900 | I30: -15040 | J30: 5475 | K30: -14800.2 | L30: — | N30: D7D3A9
A31: DWG0024 | B31: P14 | C31: 14 | D31: horizontal | E31: 4500 | F31: 4500 | G31: X/Z | H31: 18975 | I31: -15040 | J31: 23475 | K31: -15040 | L31: — | N31: D7D3B5
A32: DWG0025 | B32: P14 | C32: 14 | D32: horizontal | E32: 4500 | F32: 4500 | G32: X/Z | H32: 23475 | I32: -15040 | J32: 27975 | K32: -15040 | L32: — | N32: D7D3B6
A33: DWG0026 | B33: P14 | C33: 14 | D33: horizontal | E33: 4500 | F33: 4500 | G33: X/Z | H33: 32475 | I33: -15040 | J33: 36975 | K33: -15040 | L33: — | N33: D7D3BA
A34: DWG0027 | B34: P14 | C34: 14 | D34: horizontal | E34: 3599.4 | F34: 3599 | G34: X/Z | H34: 36975 | I34: -15040 | J34: 40574.4 | K34: -15040 | L34: — | N34: D7D3BB
A35: DWG0028 | B35: P14 | C35: 14 | D35: horizontal | E35: 3600.6 | F35: 3601 | G35: X/Z | H35: 40574.4 | I35: -15040 | J35: 44175 | K35: -15040 | L35: — | N35: D7D3BC
A36: DWG0029 | B36: P14 | C36: 14 | D36: horizontal | E36: 4500 | F36: 4500 | G36: X/Z | H36: 44175 | I36: -15040 | J36: 48675 | K36: -15040 | L36: — | N36: D7D3BD
A37: DWG0030 | B37: P14 | C37: 14 | D37: horizontal | E37: 4500 | F37: 4500 | G37: X/Z | H37: 5475 | I37: -14800.2 | J37: 9975 | K37: -15040 | L37: — | N37: D7D3AC
A38: DWG0031 | B38: P14 | C38: 14 | D38: vertical | E38: 14500.5 | F38: 14500 | G38: X/Z | H38: 16457.6 | I38: -7250 | J38: 16960.7 | K38: 7250.5 | L38: — | N38: D7D3CF
A39: DWG0032 | B39: P14 | C39: 14 | D39: vertical | E39: 20498.5 | F39: 20498 | G39: X/Z | H39: 17342.8 | I39: -10249 | J39: 17545.3 | K39: 10249.5 | L39: — | N39: D7D3D2
A40: DWG0033 | B40: P14 | C40: 14 | D40: vertical | E40: 2835 | F40: 2835 | G40: X/Z | H40: 55665 | I40: -13249 | J40: 55665 | K40: -10414 | L40: — | N40: D7D3C1
A41: DWG0034 | B41: P14 | C41: 14 | D41: vertical | E41: 3600 | F41: 3600 | G41: X/Z | H41: 55665 | I41: -3600 | J41: 55665 | K41: 0 | L41: — | N41: D7D3CA
... A51: DWG0044 | B51: PT15A | C51: — | D51: vertical | E51: 4130 | F51: 4130 | G51: u/v | H51: 5228.8 | I51: 3373.3 | J51: 5228.8 | K51: 7503.3 | L51: — | N51: DB0C03
A52: DWG0045 | B52: P28 | C52: 28 | D52: horizontal | E52: 4500 | F52: 4500 | G52: u/v | H52: 2462.3 | I52: 1116.1 | J52: 6962.3 | K52: 1116.1 | L52: 8 | M52: S082 | N52: DAD673
A53: DWG0046 | B53: P28 | C53: 28 | D53: horizontal | E53: 225 | F53: 225 | G53: u/v | H53: 2237.3 | I53: 1984.3 | J53: 2462.3 | K53: 1984.3 | L53: 8 | N53: DAD5AC
A54: DWG0047 | B54: P28 | C54: 28 | D54: horizontal | E54: 225 | F54: 225 | G54: u/v | H54: 2462.3 | I54: 1984.3 | J54: 2687.3 | K54: 1984.3 | L54: 8 | N54: DAD5AD
A55: DWG0048 | B55: P28 | C55: 28 | D55: horizontal | E55: 110 | F55: 110 | G55: u/v | H55: 2687.3 | I55: 1984.3 | J55: 2797.3 | K55: 2094.3 | L55: 8 | N55: DAD5AE
A56: DWG0049 | B56: P28 | C56: 28 | D56: horizontal | E56: 225 | F56: 225 | G56: u/v | H56: 6737.3 | I56: 1984.3 | J56: 6962.3 | K56: 1984.3 | L56: 8 | N56: DAD5C1
A57: DWG0050 | B57: P28 | C57: 28 | D57: horizontal | E57: 225 | F57: 225 | G57: u/v | H57: 6962.3 | I57: 1984.3 | J57: 7187.3 | K57: 1984.3 | L57: 8 | N57: DAD5C2
A58: DWG0051 | B58: P28 | C58: 28 | D58: horizontal | E58: 110 | F58: 110 | G58: u/v | H58: 7187.3 | I58: 1984.3 | J58: 7297.3 | K58: 2094.3 | L58: 8 | N58: DAD5C3
A59: DWG0052 | B59: P28 | C59: 28 | D59: horizontal | E59: 110 | F59: 110 | G59: u/v | H59: 2127.3 | I59: 2094.3 | J59: 2237.3 | K59: 1984.3 | L59: 8 | N59: DAD5AB
A60: DWG0053 | B60: P28 | C60: 28 | D60: horizontal | E60: 80 | F60: 80 | G60: u/v | H60: 2797.3 | I60: 2094.3 | J60: 2877.3 | K60: 2249.3 | L60: 8 | N60: DAD5AF
A61: DWG0054 | B61: P28 | C61: 28 | D61: horizontal | E61: 110 | F61: 110 | G61: u/v | H61: 6627.3 | I61: 2094.3 | J61: 6737.3 | K61: 1984.3 | L61: 8 | N61: DAD5C0
A62: DWG0055 | B62: P28 | C62: 28 | D62: horizontal | E62: 80 | F62: 80 | G62: u/v | H62: 7297.3 | I62: 2094.3 | J62: 7377.3 | K62: 2249.3 | L62: 8 | N62: DAD5C4
A63: DWG0056 | B63: P28 | C63: 28 | D63: horizontal | E63: 130 | F63: 130 | G63: u/v | H63: 2877.3 | I63: 2249.3 | J63: 3007.3 | K63: 2249.3 | L63: 8 | N63: DAD5B0
A64: DWG0057 | B64: P28 | C64: 28 | D64: horizontal | E64: 80 | F64: 80 | G64: u/v | H64: 3007.3 | I64: 2249.3 | J64: 3087.3 | K64: 2384.3 | L64: 8 | N64: DAD5B1
... A81: DWG0074 | B81: P28 | C81: 28 | D81: horizontal | E81: 165 | F81: 165 | G81: u/v | H81: 1337.3 | I81: 2424.3 | J81: 1502.3 | K81: 2365.8 | L81: 8 | N81: DAD5A7
A82: DWG0075 | B82: P28 | C82: 28 | D82: horizontal | E82: 1000 | F82: 1000 | G82: u/v | H82: 3197.3 | I82: 2424.3 | J82: 4197.3 | K82: 2424.3 | L82: 8 | M82: S084 S085 S086 | N82: DAD5B3
A83: DWG0076 | B83: P28 | C83: 28 | D83: horizontal | E83: 110 | F83: 110 | G83: u/v | H83: 4197.3 | I83: 2424.3 | J83: 4307.3 | K83: 2384.3 | L83: 8 | N83: DAD5B4
A84: DWG0077 | B84: P28 | C84: 28 | D84: horizontal | E84: 1000 | F84: 1000 | G84: u/v | H84: 5227.3 | I84: 2424.3 | J84: 6227.3 | K84: 2424.3 | L84: 8 | M84: S084 S085 S086 | N84: DAD5BB
A85: DWG0078 | B85: P28 | C85: 28 | D85: horizontal | E85: 110.4 | F85: 110 | G85: u/v | H85: 6227.3 | I85: 2424.3 | J85: 6337.7 | K85: 2378.7 | L85: 8 | N85: DAD5BC
A86: DWG0079 | B86: P28 | C86: 28 | D86: horizontal | E86: 960 | F86: 960 | G86: u/v | H86: 1337.3 | I86: 3284.4 | J86: 2297.3 | K86: 3394.4 | L86: 8 | N86: DAD588
A87: DWG0080 | B87: P28 | C87: 28 | D87: horizontal | E87: 1000 | F87: 1000 | G87: u/v | H87: 3197.3 | I87: 3284.4 | J87: 4197.3 | K87: 3284.4 | L87: 8 | M87: S084 S085 S086 | N87: DAD591
A88: DWG0081 | B88: P28 | C88: 28 | D88: horizontal | E88: 1030 | F88: 1030 | G88: u/v | H88: 4197.3 | I88: 3284.4 | J88: 5227.3 | K88: 3284.4 | L88: 8 | N88: DAD594
A89: DWG0082 | B89: P28 | C89: 28 | D89: horizontal | E89: 1000 | F89: 1000 | G89: u/v | H89: 5227.3 | I89: 3284.4 | J89: 6227.3 | K89: 3284.4 | L89: 8 | M89: S084 S085 S086 | N89: DAD597
A90: DWG0083 | B90: P28 | C90: 28 | D90: horizontal | E90: 570 | F90: 570 | G90: u/v | H90: 6227.3 | I90: 3284.4 | J90: 6797.3 | K90: 3339.4 | L90: 8 | N90: DAD59A
A91: DWG0084 | B91: P28 | C91: 28 | D91: horizontal | E91: 330 | F91: 330 | G91: u/v | H91: 6797.3 | I91: 3339.4 | J91: 7127.3 | K91: 3394.4 | L91: 8 | N91: DAD59D
A92: DWG0085 | B92: P28 | C92: 28 | D92: horizontal | E92: 330 | F92: 330 | G92: u/v | H92: 2297.3 | I92: 3394.4 | J92: 2627.3 | K92: 3394.4 | L92: 8 | N92: DAD58B
A93: DWG0086 | B93: P28 | C93: 28 | D93: horizontal | E93: 570 | F93: 570 | G93: u/v | H93: 2627.3 | I93: 3394.4 | J93: 3197.3 | K93: 3284.4 | L93: 8 | N93: DAD58E
A94: DWG0087 | B94: P28 | C94: 28 | D94: horizontal | E94: 330 | F94: 330 | G94: u/v | H94: 2297.3 | I94: 5953.4 | J94: 2627.3 | K94: 5953.4 | L94: 8 | N94: DAD579
A95: DWG0088 | B95: P28 | C95: 28 | D95: horizontal | E95: 960 | F95: 960 | G95: u/v | H95: 2627.3 | I95: 5953.4 | J95: 3587.3 | K95: 6063.4 | L95: 8 | N95: DAD57C
A96: DWG0089 | B96: P28 | C96: 28 | D96: horizontal | E96: 330 | F96: 330 | G96: u/v | H96: 6797.3 | I96: 5953.4 | J96: 7127.3 | K96: 5953.4 | L96: 8 | N96: DAD585
A97: DWG0090 | B97: P28 | C97: 28 | D97: horizontal | E97: 960 | F97: 960 | G97: u/v | H97: 1337.3 | I97: 6063.4 | J97: 2297.3 | K97: 5953.4 | L97: 8 | N97: DAD576
A98: DWG0091 | B98: P28 | C98: 28 | D98: horizontal | E98: 2250 | F98: 2250 | G98: u/v | H98: 3587.3 | I98: 6063.4 | J98: 5837.3 | K98: 6063.4 | L98: 8 | M98: S103 | N98: DAD57F
A99: DWG0092 | B99: P28 | C99: 28 | D99: horizontal | E99: 960 | F99: 960 | G99: u/v | H99: 5837.3 | I99: 6063.4 | J99: 6797.3 | K99: 5953.4 | L99: 8 | N99: DAD582
A100: DWG0093 | B100: P28 | C100: 28 | D100: vertical | E100: 117 | F100: 117 | G100: u/v | H100: 1337.3 | I100: 2954.4 | J100: 1560.8 | K100: 2837.4 | L100: 8 | N100: DAD5CB
A101: DWG0094 | B101: P28 | C101: 28 | D101: vertical | E101: 330 | F101: 330 | G101: u/v | H101: 1337.3 | I101: 3284.4 | J101: 1337.3 | K101: 2954.4 | L101: 8 | N101: DAD5C8
A102: DWG0095 | B102: P28 | C102: 28 | D102: vertical | E102: 117.5 | F102: 118 | G102: u/v | H102: 1560.8 | I102: 2837.4 | J102: 1720.7 | K102: 2719.9 | L102: 8 | N102: DAD5CE
A103: DWG0096 | B103: P28 | C103: 28 | D103: vertical | E103: 95.5 | F103: 96 | G103: u/v | H103: 1720.7 | I103: 2719.9 | J103: 2127.3 | K103: 2624.4 | L103: 8 | N103: DAD5D1
A104: DWG0097 | B104: P28 | C104: 28 | D104: vertical | E104: 220 | F104: 220 | G104: u/v | H104: 1989.5 | I104: 2844.4 | J104: 1989.5 | K104: 2624.4 | L104: 8 | M104: S107 S113 | N104: DAD5DA
A105: DWG0098 | B105: P28 | C105: 28 | D105: vertical | E105: 440 | F105: 440 | G105: u/v | H105: 1989.5 | I105: 3284.4 | J105: 1989.5 | K105: 2844.4 | L105: 8 | N105: DAD5D7
A106: DWG0099 | B106: P28 | C106: 28 | D106: vertical | E106: 110 | F106: 110 | G106: u/v | H106: 2127.3 | I106: 2624.4 | J106: 2237.3 | K106: 2514.4 | L106: 8 | N106: DAD5D4
A107: DWG0100 | B107: P28 | C107: 28 | D107: vertical | E107: 110 | F107: 110 | G107: u/v | H107: 2648 | I107: 3284.4 | J107: 2627.3 | K107: 3394.4 | L107: 8 | N107: DAD5A4
A108: DWG0101 | B108: P28 | C108: 28 | D108: vertical | E108: 440 | F108: 440 | G108: u/v | H108: 2837.3 | I108: 2844.4 | J108: 2837.3 | K108: 3284.4 | L108: 8 | N108: DAD5E2
A109: DWG0102 | B109: P28 | C109: 28 | D109: vertical | E109: 110 | F109: 110 | G109: u/v | H109: 2999.8 | I109: 6063.4 | J109: 2627.3 | K109: 5953.4 | L109: 8 | N109: DAD5A3
A110: DWG0103 | B110: P28 | C110: 28 | D110: vertical | E110: 220 | F110: 220 | G110: u/v | H110: 2999.8 | I110: 6283.4 | J110: 2999.8 | K110: 6063.4 | L110: 8 | M110: S107 S113 | N110: DAD5A0
A111: DWG0104 | B111: P28 | C111: 28 | D111: vertical | E111: 95 | F111: 95 | G111: u/v | H111: 3047.3 | I111: 2874.4 | J111: 3007.3 | K111: 2779.4 | L111: 8 | N111: DAD5DF
A112: DWG0105 | B112: P28 | C112: 28 | D112: vertical | E112: 80 | F112: 80 | G112: u/v | H112: 3197.3 | I112: 2954.4 | J112: 3047.3 | K112: 2874.4 | L112: 8 | N112: DAD5DC
A113: DWG0106 | B113: P28 | C113: 28 | D113: vertical | E113: 330 | F113: 330 | G113: u/v | H113: 3197.3 | I113: 3284.4 | J113: 3197.3 | K113: 2954.4 | L113: 8 | N113: DAD5DB
A114: DWG0107 | B114: P28 | C114: 28 | D114: vertical | E114: 505 | F114: 505 | G114: u/v | H114: 4452.3 | I114: 2779.4 | J114: 4452.3 | K114: 3284.4 | L114: 8 | N114: DAD5E5
A115: DWG0108 | B115: P28 | C115: 28 | D115: vertical | E115: 440 | F115: 440 | G115: u/v | H115: 4712.3 | I115: 2844.4 | J115: 4712.3 | K115: 3284.4 | L115: 8 | N115: DAD5E8
A116: DWG0109 | B116: P28 | C116: 28 | D116: vertical | E116: 770 | F116: 770 | G116: u/v | H116: 6803.2 | I116: 2514.4 | J116: 6737.8 | K116: 3284.4 | L116: 8 | N116: DAD5FE
A117: DWG0110 | B117: P28 | C117: 28 | D117: vertical | E117: 110 | F117: 110 | G117: u/v | H117: 7127.3 | I117: 3284.4 | J117: 7127.3 | K117: 3394.4 | L117: 8 | N117: DAD601
A118: DWG0111 | B118: P28 | C118: 28 | D118: vertical | E118: 110 | F118: 110 | G118: u/v | H118: 7297.3 | I118: 2624.4 | J118: 7187.3 | K118: 2514.4 | L118: 8 | N118: DAD5F5
A119: DWG0112 | B119: P28 | C119: 28 | D119: vertical | E119: 440 | F119: 440 | G119: u/v | H119: 7337.3 | I119: 2844.4 | J119: 7337.3 | K119: 3284.4 | L119: 8 | N119: DAD5F8
A120: DWG0113 | B120: P28 | C120: 28 | D120: vertical | E120: 505 | F120: 505 | G120: u/v | H120: 7442.3 | I120: 2779.4 | J120: 7442.3 | K120: 3284.4 | L120: 8 | N120: DAD5FB
A121: DWG0114 | B121: P28 | C121: 28 | D121: vertical | E121: 155 | F121: 155 | G121: u/v | H121: 7507.3 | I121: 2779.4 | J121: 7297.3 | K121: 2624.4 | L121: 8 | N121: DAD5F2
A122: DWG0115 | B122: P28 | C122: 28 | D122: vertical | E122: 95.6 | F122: 96 | G122: u/v | H122: 7554.4 | I122: 2875.1 | J122: 7507.3 | K122: 2779.4 | L122: 8 | N122: DAD5EF
... A148: DWG0141 | B148: P33 | C148: 33 | D148: horizontal | E148: 110 | F148: 110 | G148: u/v | H148: 1727.4 | I148: 1903.7 | J148: 1837.4 | K148: 1863.7 | L148: 9 | N148: DAD62B
A149: DWG0142 | B149: P33 | C149: 33 | D149: horizontal | E149: 2250 | F149: 2250 | G149: u/v | H149: 3587.4 | I149: 1903.7 | J149: 5837.4 | K149: 1903.7 | L149: 9 | M149: S119 S128 | N149: DAD637
A150: DWG0143 | B150: P33 | C150: 33 | D150: horizontal | E150: 165.9 | F150: 166 | G150: u/v | H150: 5837.4 | I150: 1903.7 | J150: 6003.3 | K150: 1835.2 | L150: 9 | N150: DAD638
A151: DWG0144 | B151: P33 | C151: 33 | D151: horizontal | E151: 570 | F151: 570 | G151: u/v | H151: 1727.4 | I151: 3284 | J151: 2297.4 | K151: 3339 | L151: 9 | N151: DAD616
A152: DWG0145 | B152: P33 | C152: 33 | D152: horizontal | E152: 2250 | F152: 2250 | G152: u/v | H152: 3587.4 | I152: 3284 | J152: 5837.4 | K152: 3284 | L152: 9 | M152: S119 S128 | N152: DAD61F
A153: DWG0146 | B153: P33 | C153: 33 | D153: horizontal | E153: 960 | F153: 960 | G153: u/v | H153: 5837.4 | I153: 3284 | J153: 6797.4 | K153: 3339 | L153: 9 | N153: DAD622
A154: DWG0147 | B154: P33 | C154: 33 | D154: horizontal | E154: 330 | F154: 330 | G154: u/v | H154: 2297.4 | I154: 3339 | J154: 2627.4 | K154: 3394 | L154: 9 | N154: DAD619
...

Sheet DWG levels
A2: CAO ĐỘ TRONG FILE CAD / CAD LEVEL LABELS
A4: So nhãn cao độ với đỉnh ký hiệu cao độ vẽ bên dưới. / Each printed level against the apex of its drawn marker.
A7: Bản vẽ / Drawing | B7: Nhãn / Label | C7: Ghi (mm) / Printed | D7: Theo ký hiệu (mm) / Marker | E7: Chênh (mm) / Δ | F7: Kiểm tra / Check | G7: Cơ sở / Basis
A8: P05 | B8: - 0,48 M | C8: -480 | G8: plan label (no marker geometry)
A9: P05 | B9: - 0,32 M | C9: -320 | G9: plan label (no marker geometry)
A10: P05 | B10: - 0,32 M | C10: -320 | G10: plan label (no marker geometry)
A11: P05 | B11: + 00 M | C11: 0 | G11: plan label (no marker geometry)
A12: P05 | B12: - 0,32 M | C12: -320 | G12: plan label (no marker geometry)
A13: P05 | B13: - 0,32 M | C13: -320 | G13: plan label (no marker geometry)
A14: P05 | B14: + 0,75 M | C14: 750 | G14: plan label (no marker geometry)
A15: P05 | B15: + 0,15 M | C15: 150 | G15: plan label (no marker geometry)
A16: P05 | B16: + 0,15 M | C16: 150 | G16: plan label (no marker geometry)
A17: P05 | B17: - 0,32 M | C17: -320 | G17: plan label (no marker geometry)
A18: P05 | B18: - 0,32 M | C18: -320 | G18: plan label (no marker geometry)
A19: P05 | B19: + 0,15 M | C19: 150 | G19: plan label (no marker geometry)
... A27: PT10 | B27: +8,390M | C27: 8390 | G27: plan label (no marker geometry)
A28: E01A | B28: + 36,920M | C28: 36920 | D28: 36920 | E28: 0 | F28: matches | G28: marker apex − ±0.000 marker apex (same symbol)
A29: E01A | B29: + 29,09M | C29: 29090 | D29: 29090 | E29: 0 | F29: matches | G29: marker apex − ±0.000 marker apex (same symbol)
A30: E01A | B30: + 23,140M | C30: 23140 | D30: 23140 | E30: 0 | F30: matches | G30: marker apex − ±0.000 marker apex (same symbol)
A31: E01A | B31: + 15,840M | C31: 15840 | D31: 15840 | E31: 0 | F31: matches | G31: marker apex − ±0.000 marker apex (same symbol)
A32: E01A | B32: + 8,390M | C32: 8390 | D32: 8390 | E32: 0 | F32: matches | G32: marker apex − ±0.000 marker apex (same symbol)
A33: E01A | B33: +00M | C33: 0 | D33: 0 | E33: 0 | F33: matches | G33: marker apex − ±0.000 marker apex (same symbol)
A34: E01A | B34: - 2,08M | C34: -2080 | D34: -2080 | E34: 0 | F34: matches | G34: marker apex − ±0.000 marker apex (same symbol)
A35: E01B | B35: + 36,920M | C35: 36920 | D35: 36920 | E35: 0 | F35: matches | G35: marker apex − ±0.000 marker apex (same symbol)
A36: E01B | B36: + 29,09M | C36: 29090 | D36: 29090 | E36: 0 | F36: matches | G36: marker apex − ±0.000 marker apex (same symbol)
A37: E01B | B37: + 23,140M | C37: 23140 | D37: 23140 | E37: 0 | F37: matches | G37: marker apex − ±0.000 marker apex (same symbol)
A38: E01B | B38: + 15,840M | C38: 15840 | D38: 15840 | E38: 0 | F38: matches | G38: marker apex − ±0.000 marker apex (same symbol)
A39: E01B | B39: + 8,390M | C39: 8390 | D39: 8390 | E39: 0 | F39: matches | G39: marker apex − ±0.000 marker apex (same symbol)
... A79: S45 | B79: +00M | C79: 0 | D79: 0 | E79: 0 | F79: matches | G79: marker apex − ±0.000 marker apex (same symbol)
A80: S45 | B80: MẶT SÂN - 2,08M | C80: -2080 | G80: plan label (no marker geometry)
A81: S45 | B81: + 17,829M | C81: 17829 | D81: 17829.2 | E81: 0.2 | F81: matches | G81: marker apex − ±0.000 marker apex (same symbol)
A82: S45 | B82: + 12,472M | C82: 12472 | D82: 12471.9 | E82: -0.1 | F82: matches | G82: marker apex − ±0.000 marker apex (same symbol)
A83: S45 | B83: + 8,575M | C83: 8575 | D83: 8575.4 | E83: 0.4 | F83: matches | G83: marker apex − ±0.000 marker apex (same symbol)
A84: S45 | B84: + 6,324M | C84: 6324 | D84: 6323.9 | E84: -0.1 | F84: matches | G84: marker apex − ±0.000 marker apex (same symbol)
A85: S45 | B85: + 00 | C85: 0 | D85: 0 | E85: 0 | F85: matches | G85: marker apex − ±0.000 marker apex (same symbol)
A86: S45 | B86: MẶT SÂN - 2,08M | C86: -2080 | D86: -2080 | E86: 0 | F86: matches | G86: marker apex − ±0.000 marker apex (same symbol)

Sheet DWG grid check
A2: KIỂM TRA LƯỚI TRỤC / GRID CHECK
A4: Đường tim vẽ trong DWG so với Model grid. / Drawn centrelines (layer “duong tim”) against the Model grid.
A7: Bản vẽ / Drawing | B7: Trục 3D / Axis | C7: Trục / Grid | D7: Register (mm) | E7: DWG (mm) | F7: Chênh (mm) / Δ
A8: P05 | B8: X | C8: 1 | D8: 0 | E8: 0 | F8: 0
A9: P05 | B9: X | C9: 2 | D9: 4900 | E9: 4900 | F9: 0
A10: P05 | B10: X | C10: 2′ | D10: 5475 | E10: 5475 | F10: 0
A11: P05 | B11: X | C11: 3 | D11: 9975 | E11: 9975 | F11: 0
A12: P05 | B12: X | C12: 4 | D12: 14475 | E12: 14475 | F12: 0
A13: P05 | B13: X | C13: 5 | D13: 18975 | E13: 18975 | F13: 0
A14: P05 | B14: X | C14: 6 | D14: 23475 | E14: 23475 | F14: 0
A15: P05 | B15: X | C15: 7 | D15: 27975 | E15: 27975 | F15: 0
A16: P05 | B16: X | C16: 8 | D16: 32475 | E16: 32475 | F16: 0
A17: P05 | B17: X | C17: 9 | D17: 36975 | E17: 36975 | F17: 0
A18: P05 | B18: X | C18: 10 | D18: 44175 | E18: 44175 | F18: 0
A19: P05 | B19: X | C19: 11 | D19: 48675 | E19: 48675 | F19: 0
... A28: P05 | B28: Z | C28: I | D28: 13249 | E28: 13249 | F28: 0
A29: P05 | B29: X | C29: (extra centreline) | E29: -1939.3
A30: P05 | B30: X | C30: (extra centreline) | E30: -0.7
A31: P05 | B31: X | C31: (extra centreline) | E31: 2604.5
A32: P05 | B32: X | C32: (extra centreline) | E32: 2605
A33: P05 | B33: X | C33: (extra centreline) | E33: 4899.3
A34: P05 | B34: X | C34: (extra centreline) | E34: 40574.4
A35: P05 | B35: X | C35: (extra centreline) | E35: 49675
A36: P05 | B36: Z | C36: (extra centreline) | E36: -12603
A37: P05 | B37: Z | C37: (extra centreline) | E37: -12602.9
A38: P05 | B38: Z | C38: (extra centreline) | E38: -7703
A39: P05 | B39: Z | C39: (extra centreline) | E39: -2979
A40: P05 | B40: Z | C40: (extra centreline) | E40: 2979.6
... A42: P05 | B42: Z | C42: (extra centreline) | E42: 14542.5
A43: P14 | B43: X | C43: 1 | D43: 0 | E43: 0 | F43: 0
A44: P14 | B44: X | C44: 2 | D44: 4900 | E44: 4900 | F44: 0
A45: P14 | B45: X | C45: 2′ | D45: 5475 | E45: 5475 | F45: 0
A46: P14 | B46: X | C46: 3 | D46: 9975 | E46: 9975 | F46: 0
A47: P14 | B47: X | C47: 4 | D47: 14475 | E47: 14475 | F47: 0
A48: P14 | B48: X | C48: 5 | D48: 18975 | E48: 18975 | F48: 0
A49: P14 | B49: X | C49: 6 | D49: 23475 | E49: 23475 | F49: 0
A50: P14 | B50: X | C50: 7 | D50: 27975 | E50: 27975 | F50: 0
A51: P14 | B51: X | C51: 8 | D51: 32475 | E51: 32475 | F51: 0
A52: P14 | B52: X | C52: 9 | D52: 36975 | E52: 36975 | F52: 0
A53: P14 | B53: X | C53: 10 | D53: 44175 | E53: 44175 | F53: 0
A54: P14 | B54: X | C54: 11 | D54: 48675 | E54: 48675 | F54: 0
... A63: P14 | B63: Z | C63: I | D63: 13249 | E63: 13249 | F63: 0
A64: P14 | B64: X | C64: (extra centreline) | E64: 2604.4
A65: P14 | B65: X | C65: (extra centreline) | E65: 2604.5
A66: P14 | B66: X | C66: (extra centreline) | E66: 40574.4
A67: P14 | B67: Z | C67: (extra centreline) | E67: -7703.9
A68: P14 | B68: Z | C68: (extra centreline) | E68: -2979.9
A69: P14 | B69: Z | C69: (extra centreline) | E69: 2979
A70: P14 | B70: Z | C70: (extra centreline) | E70: 7703
A71: E01A | B71: Z | C71: B | D71: -10414 | E71: -10414 | F71: 0
A72: E01A | B72: Z | C72: C | D72: -7360 | E72: -7360 | F72: 0
A73: E01A | B73: Z | C73: D | D73: -3600 | E73: -3600 | F73: 0
A74: E01A | B74: Z | C74: E | D74: 3600 | E74: 3600 | F74: 0
A75: E01A | B75: Z | C75: G | D75: 7360 | E75: 7360 | F75: 0
A76: E01A | B76: Z | C76: H | D76: 10414 | E76: 10414 | F76: 0
A77: E01A | B77: Z | C77: (extra centreline) | E77: -12603
A78: E01A | B78: Z | C78: (extra centreline) | E78: -2979.4
A79: E01A | B79: Z | C79: (extra centreline) | E79: 2979.4
A80: E01A | B80: Z | C80: (extra centreline) | E80: 7703
A81: E01A | B81: Z | C81: (extra centreline) | E81: 12603
A82: E01B | B82: Z | C82: B | D82: -10414 | E82: -10414 | F82: 0
A83: E01B | B83: Z | C83: C | D83: -7360 | E83: -7360 | F83: 0
A84: E01B | B84: Z | C84: D | D84: -3600 | E84: -3600 | F84: 0
A85: E01B | B85: Z | C85: E | D85: 3600 | E85: 3600 | F85: 0
A86: E01B | B86: Z | C86: G | D86: 7360 | E86: 7360 | F86: 0
A87: E01B | B87: Z | C87: H | D87: 10414 | E87: 10414 | F87: 0
A88: E01B | B88: Z | C88: (extra centreline) | E88: -12603
A89: E01B | B89: Z | C89: (extra centreline) | E89: -7703
A90: E01B | B90: Z | C90: (extra centreline) | E90: -2979.4
A91: E01B | B91: Z | C91: (extra centreline) | E91: 2979.4
A92: E01B | B92: Z | C92: (extra centreline) | E92: 7702.9
A93: E01B | B93: Z | C93: (extra centreline) | E93: 12602.9
A94: E02 | B94: X | C94: 1 | D94: 0 | E94: 0 | F94: 0
A95: E02 | B95: X | C95: 2 | D95: 4900 | E95: 4900 | F95: 0
A96: E02 | B96: X | C96: 2′ | D96: 5475 | E96: 5475 | F96: 0
A97: E02 | B97: X | C97: 3 | D97: 9975 | E97: 9975 | F97: 0
A98: E02 | B98: X | C98: 4 | D98: 14475 | E98: 14475 | F98: 0
A99: E02 | B99: X | C99: 5 | D99: 18975 | E99: 18975 | F99: 0
A100: E02 | B100: X | C100: 6 | D100: 23475 | E100: 23475 | F100: 0
A101: E02 | B101: X | C101: 7 | D101: 27975 | E101: 27975 | F101: 0
A102: E02 | B102: X | C102: 8 | D102: 32475 | E102: 32475 | F102: 0
A103: E02 | B103: X | C103: 9 | D103: 36975 | E103: 36975 | F103: 0
A104: E02 | B104: X | C104: 10 | D104: 44175 | E104: 44175 | F104: 0
A105: E02 | B105: X | C105: 11 | D105: 48675 | E105: 48675 | F105: 0
A106: E02 | B106: X | C106: 12 | D106: 53016 | E106: 53016 | F106: 0
A107: E02 | B107: X | C107: (extra centreline) | E107: 40575
A108: E02 | B108: X | C108: (extra centreline) | E108: 44500
A109: E03 | B109: Z | C109: B | D109: -10414 | E109: -10414 | F109: 0
A110: E03 | B110: Z | C110: C | D110: -7360 | E110: -7360 | F110: 0
A111: E03 | B111: Z | C111: D | D111: -3600 | E111: -3600 | F111: 0
A112: E03 | B112: Z | C112: E | D112: 3600 | E112: 3600 | F112: 0
A113: E03 | B113: Z | C113: G | D113: 7360 | E113: 7360 | F113: 0
A114: E03 | B114: Z | C114: H | D114: 10414 | E114: 10414 | F114: 0
A115: E03 | B115: Z | C115: (extra centreline) | E115: -10574
A116: E03 | B116: Z | C116: (extra centreline) | E116: 10574
A117: S24 | B117: Z | C117: B | D117: -10414 | E117: -10414 | F117: 0
A118: S24 | B118: Z | C118: C | D118: -7360 | E118: -7360 | F118: 0
A119: S24 | B119: Z | C119: D | D119: -3600 | E119: -3600 | F119: 0
A120: S24 | B120: Z | C120: E | D120: 3600 | E120: 3600 | F120: 0
A121: S24 | B121: Z | C121: G | D121: 7360 | E121: 7360 | F121: 0
...

Sheet DWG findings
A2: ĐỐI CHIẾU PDF VÀ DWG / PDF AGAINST DWG
A4: Bằng chứng mới cho các mục mở; trạng thái các mục cũ không đổi. / New evidence for open items; existing statuses are unchanged until the owner decides.
A7: Tham chiếu / Reference | B7: Phát hiện / Finding | C7: DWG | D7: Sổ đăng ký / Register or PDF | E7: Chênh (mm) / Δ | F7: Hệ quả / Implication
A8: Model grid | B8: Every grid axis drawn in the DWG plans, sections and elevations falls within 0.1 mm of the register. | C8: see DWG grid check | D8: Model grid | E8: 0 | F8: Grid unchanged; no model move needed.
A9: E003–E007 | B9: Tower levels +8.390, +15.840, +23.140, +29.090, +36.920 m match their markers; overall 39,000 mm courtyard to cross top. | C9: +8.390 … +36.920 m | D9: same | E9: 0 | F9: Tower heights unchanged.
A10: EI02 | B10: Central facade chain is drawn 620.6 + 5958.8 + 620.6 = 7200.0 mm; the printed 621 / 5959 / 621 are rounded. | C10: 620.6 / 5958.8 / 620.6 | D10: 621 / 5959 / 621 | E10: 0 | F10: Evidence that the 1 mm closure is display rounding. Status left for the owner.
A11: RFI-S01, ISSUE-R05 | B11: Main ridge line drawn at +12.396 m in sections 24/25 and in the side elevation (45 m line); the longitudinal section draws its ridge at +12.472 m. Section labels “+12,472M” sit on markers at +12.396. | C11: +12.396 m (sections, side elevation) / +12.472 m (section A-A) | D11: +12.472 m label; 14,476 overall | E11: 76 | F11: The 14,476 overall equals 2,080 + 12,396. The 76 mm may be a ridge cap; unconfirmed.
A12: RFI-S02 | B12: Section 24/25 dimension and marker give +6.325 m; elevations and wing ends give +6.324 m. | C12: 6,325.0 (sections) / 6,324 (elevations) | D12: 6,325 / 6,324 | E12: 1 | F12: The 1 mm difference is in the CAD file itself.
A13: RFI-S03 | B13: Sanctuary section side reference measures 2,950.5 mm and displays as 2951. | C13: 2,950.5 | D13: 2,950 / 2,951 | E13: 0.5 | F13: Rounding; but the opening chain beside it changed between revisions (ISSUE-R03).
A14: ISSUE-C01 | B14: Plan overall runs −13,218.6 → 53,845.0 (67,063.6); longitudinal section runs −13,194.3 → 53,955.1 (67,149.4), with 939.1 beyond axis 12 against 829 on the plan. | C14: 67,063.6 / 67,149.4 | D14: 67,064 / 67,149 | E14: 85.8 | F14: Plan and section/elevation disagree inside the CAD file; not a PDF reading error.
A15: ISSUE-C02 | B15: Side-wing end elevations label +6.324, +9.830 and +15.187 m; markers match. The inside elevation draws the wing ridge just below +9.830. | C15: +9.830 m; cross top +15.187 m | D15: no wing ridge in PDFs | F15: New evidence for the side-wing ridge; confirm which surface +9.830 marks.
A16: ISSUE-C03 | B16: Section width 22,388 is drawn symmetric about the D/E midpoint (±11,194.0), so the 780 mm offset applies on both sides. | C16: ±11,194.0 | D16: 780 assumed both sides | E16: 0 | F16: Assumption supported by CAD geometry.
A17: ISSUE-C05 | B17: Gabled-end elevation: 10,414 + 160 + 669.1 each side = 22,486.2; sections 22,388. The ground plan has no 22,489 dimension object. | C17: 22,486.2 / 22,388 | D17: 22,489 / 22,486 / 22,388 | F17: Distinct witnesses remain distinct.
A18: ISSUE-P05 | B18: Sanctuary section 25 shows a 1,900 mm wide stepped element centred on the axis (Z −949 to +951) rising to the +800 platform. | C18: 1,900 at Y +800 | D18: 1,900 × 870 unlabeled | F18: Supports reading the rectangle as the central steps, not an altar table.
A19: ISSUE-R02 | B19: Central facade between the towers is a different design from PDF sheet 1. | C19: DWG sheet 1 (A and B) | D19: PDF sheet 1 | F19: Owner direction 24 Oct 2026: the model follows the DWG above +8.45 m (facade.csv, docs/facade-model.md). ISSUE-R02 stays open for the church.
A20: ISSUE-R03 | B20: Sanctuary section heights differ from PDF sheet 5. | C20: 160/2544/466/4392; 6231; 8525; 3171 | D20: 150/2554/396/4462; 6301; 8452; 2951 | E20: 70 | F20: See ISSUE-R03.
A21: ISSUE-R04 | B21: Sanctuary platform dimensioned 800 mm in section 25; DWG plan and PDFs show +0.75 m. | C21: 800 | D21: 750 | E21: 50 | F21: See ISSUE-R04.
A22: ISSUE-P01, EI01 | B22: No roof plan in the DWG; the tower-cap chain is not available as dimension objects. | C22: — | D22: — | F22: These items need the roof plan and the tower-cap dimensions from the designer.

Sheet DWG facade
A2: MẶT GIỮA HAI THÁP THEO FILE CAD / CENTRAL FACADE FROM THE CAD FILE
A4: Mô hình theo file CAD từ +8,45 m (chủ đầu tư, 24/10/2026). p1–p4: đường, cung hoặc kích thước được kiểm bằng `extract_dwg_revision.py facade`. / The model follows the CAD file above +8.45 m (owner, 2026-10-24). p1–p4 give the line, arc or dimension checked by `extract_dwg_revision.py facade`; elevation u = Z, v = Y; plans u = Z, v = X (mm).
A7: Mã / ID | B7: Bộ phận / Element | C7: Bản vẽ / Drawing | D7: Loại / Kind | E7: p1 | F7: p2 | G7: p3 | H7: p4 | I7: Giá trị (mm) / Value | J7: Mô hình / Model (m) | K7: Cơ sở / Basis | L7: Ghi chú / Note
A8: F01 | B8: Ground-storey cornice top over the side bays | C8: E01B | D8: h | E8: 8390 | F8: -7703 | G8: -3469 | I8: 8390 | J8: 8.390 | K8: TRACED | L8: Kept from the bundle's traced facade; also the +8.390 level label
A9: F02 | B9: Central cornice corona underside | C9: E01B | D9: h | E9: 8605 | F9: -3499 | G9: 0 | I9: 8605 | J9: 8.605 | K9: TRACED | L9: Dentils 8.42–8.52 and corona 8.605–8.773 over the main door
A10: F03 | B10: Central cornice Greek-key frieze top / plinth base | C10: E01B | D10: h | E10: 9115 | F10: -7128 | G10: 0 | I10: 9115 | J10: 9.115 | K10: TRACED | L10: Runs across the three bays
A11: F04 | B11: Upper-storey plinth top (terrace) | C11: E01B | D11: h | E11: 9741 | F11: -7128 | G11: 0 | I11: 9741 | J11: 9.741 | K11: TRACED | L11: Floor of the side niches and of the room behind the triple window
A12: F05 | B12: Upper entablature underside | C12: E01B | D12: h | E12: 15333 | F12: -7763 | G12: 0 | I12: 15333 | J12: 15.333 | K12: TRACED
A13: F06 | B13: Upper entablature top | C13: E01B | D13: h | E13: 15840 | F13: -7128 | G13: 0 | I13: 15840 | J13: 15.840 | K13: TRACED | L13: Also the +15.840 level label and plan PT15
A14: F07 | B14: Central piers: chain across the D–E bay | C14: E01B | D14: dim | E14: 5958.8 | I14: 5958.8 | J14: ±2.979 (centres), shafts ±2.544 to ±3.414 | K14: TRACED | L14: 621 / 5958.8 / 621 dimension chain
A15: F08 | B15: Central great arch extrados | C15: E01B | D15: arc | E15: 0 | F15: 12677 | G15: 2270 | I15: 2270 | J15: r 2.270 about +12.677 | K15: TRACED | L15: Rings at r 2.070 and 2.200 drawn between
A16: F09 | B16: Central great arch intrados | C16: E01B | D16: arc | E16: 0 | F16: 12677 | G16: 1960 | I16: 1960 | J16: r 1.960 | K16: TRACED | L16: Tympanum face inside it
A17: F10 | B17: Triple window outer lights | C17: E01B | D17: arc | E17: -1190 | F17: 12241 | G17: 430 | I17: 430 | J17: centres ±1.190, r 0.430 about +12.241 | K17: TRACED | L17: Glazing r 0.375; rings to r 0.650
A18: F11 | B18: Triple window centre light | C18: E01B | D18: arc | E18: 0 | F18: 12241 | G18: 430 | I18: 430 | J18: centre 0, r 0.430 about +12.241 | K18: TRACED
A19: F12 | B19: Triple window glazing edge and sill | C19: E01B | D19: v | E19: -1605 | F19: 9984 | G19: 12101 | I19: 9984 | J19: sill +9.984 | K19: TRACED | L19: Lights 0.830 m wide between colonnettes
A20: F13 | B20: Side great arch extrados | C20: E01B | D20: arc | E20: -5350 | F20: 12960 | G20: 1936 | I20: 1936 | J20: centre ±5.350, r 1.936 about +12.960 | K20: TRACED
A21: F14 | B21: Side great arch intrados | C21: E01B | D21: arc | E21: -5350 | F21: 12960 | G21: 1626 | I21: 1626 | J21: r 1.626 | K21: TRACED | L21: Legs run down to the plinth
A22: F15 | B22: Side niche (intrados) | C22: E01B | D22: arc | E22: -5350 | F22: 12308 | G22: 599 | I22: 599 | J22: r 0.599 about +12.308; crown +12.907 | K22: TRACED | L22: Pedestal top +10.391; statue of the owner on it
A23: F16 | B23: Side aedicule arch extrados | C23: E01B | D23: arc | E23: -5350 | F23: 12308 | G23: 986 | I23: 986 | J23: r 0.986 | K23: TRACED | L23: Carved crest above to about +14.35
A24: F17 | B24: Central niche (intrados) | C24: E01B | D24: arc | E24: 0 | F24: 18893 | G24: 711 | I24: 711 | J24: r 0.711 about +18.893; crown +19.604 | K24: TRACED | L24: Pedestal 15.997–16.683
A25: F18 | B25: Central aedicule arch extrados | C25: E01B | D25: arc | E25: 0 | F25: 18893 | G25: 1112 | I25: 1112 | J25: r 1.112 | K25: TRACED
A26: F19 | B26: Pediment raking cornice (lower edge) | C26: E01B | D26: seg | E26: -1316.4 | F26: 20420.7 | G26: -361.5 | H26: 21068.7 | J26: (±1.316, +20.421) to (±0.362, +21.069) | K26: TRACED
A27: F20 | B27: Scroll spur from the pier pinnacle to the aedicule pier | C27: E01B | D27: arc | E27: -3404 | F27: 18866 | G27: 1317 | I27: 1317 | J27: centre ±3.404, +18.866; r 1.317–1.417 | K27: TRACED
A28: F21 | B28: Disc under the cross | C28: E01B | D28: arc | E28: 0 | F28: 22921 | G28: 213 | I28: 213 | J28: r 0.213 about +22.921 | K28: TRACED
A29: F22 | B29: Cross top | C29: E01B | D29: ymax | E29: -800 | F29: 800 | I29: 24648 | J29: 24.648 | K29: TRACED | L29: Highest point of the central facade
A30: F23 | B30: Central pier front at the plinth | C30: PT10 | D30: h | E30: 1562 | F30: -3472 | G30: -2484 | I30: 1562 | J30: X 1.562 | K30: TRACED | L30: Plan at +10.128 m; X from axis 1
A31: F24 | B31: Central bay wall face | C31: PT10 | D31: h | E31: 2936 | F31: -2544 | G31: -2270 | I31: 2936 | J31: X 2.936 | K31: TRACED
A32: F25 | B32: Triple window plane | C32: PT10 | D32: h | E32: 3556 | F32: -1620 | G32: -760 | I32: 3556 | J32: X 3.556 (louvres) | K32: TRACED | L32: Room behind from X 3.666 to 4.716
A33: F26 | B33: Side bay wall face | C33: PT10 | D33: h | E33: 4017 | F33: -4364 | G33: -3724 | I33: 4017 | J33: X 4.017 | K33: TRACED
A34: F27 | B34: Side bay wall back | C34: PT10 | D34: h | E34: 4936 | F34: -6975 | G34: -3724 | I34: 4936 | J34: X 4.936 | K34: TRACED
A35: F28 | B35: Pinnacle pedestal front | C35: PT15 | D35: h | E35: 2096 | F35: -3414 | G35: -2544 | I35: 2096 | J35: X 2.096 | K35: TRACED | L35: Plan at +15.840 m
A36: F29 | B36: Aedicule pier front | C36: PT15 | D36: h | E36: 3805 | F36: -1885 | G36: -1439 | I36: 3805 | J36: X 3.805 | K36: TRACED
A37: F30 | B37: Central niche column front | C37: PT15 | D37: h | E37: 3915 | F37: -1112 | G37: -906 | I37: 3915 | J37: X 3.915 | K37: TRACED
A38: F31 | B38: Central niche (plan) | C38: PT15 | D38: arc | E38: 0 | F38: 4225 | G38: 711 | I38: 711 | J38: centre X 4.225, r 0.711 | K38: TRACED | L38: Niche back X 4.936; aedicule back X 5.046
A39: F32 | B39: Cresting balustrade front | C39: PT15 | D39: h | E39: 3376 | F39: -7086 | G39: -3614 | I39: 3376 | J39: X 3.376 | K39: TRACED | L39: Fleur-de-lis posts at 617 mm spacing
A40: D01 | B40: Side bays meet the towers | C40: model | D40: — | I40: 7128 | J40: ±7.128 | K40: MODEL TRANSCRIPTION / COORDINATED | L40: 26 Oct 2026: removed the former model extension to ±7.500 m. CAD stops at ±7.128 m; rebuilt tower rear piers start at ±7.103 m, giving 25 mm overlap. Source dimensions unchanged; structure/detail remain held.
A41: D02 | B41: Moulding profiles and carving | C41: model | D41: — | K41: ILLUSTRATIVE | L41: Profiles, relief depths, capitals, cresting and crests are generated shapes that follow the drawing's outlines, not construction details
A42: D03 | B42: Statues in the niches | C42: model | D42: — | K42: USER CONFIRMED / CONCEPT | L42: The drawing shows empty niches with pedestals; the owner's three statues (9 Oct 2026) stand on the drawn pedestals
